Workbook
Name NomorTO: '[1]TO HEADER'!$A:$A

Sheet TEMPLATE HITUNG VOLUME
B2: 10 PO NHD RSUD TUANKU IMAM BONJOL - 324BMHP-BLUDVIII2026 | L2: JUMLAH LOAD KIRIMAN VS COST RATIO BIAYA KIRIM
B4: NO | C4: NO ITEM | D4: ITEM DESCRIPTION | E4: QTY | F4: UoM | G4: BERAT (KG) | H4: VOLUMETRIC (KG) | I4: Berat Volumetrik Darat/laut (KG) | J4: Berat Volumetrik Udara (KG) | K4: Kubikasi M3 | L4: Koli | N4: Stock Cabang | P4: Update Stock Tanggal :
B5: TOTAL | E5: =SUM(E7:E16) -> 18700 | F5: =SUM(F7:F16) -> 0 | G5: =SUM(G7:G16) -> 141.9075 | H5: =SUM(H7:H16) -> 255.76858 | I5: =SUM(I7:I7) -> 14.345068 | J5: =SUM(J7:J7) -> 9.5633789 | K5: =SUM(K7:K7) -> 0.12241125 | L5: =SUM(L7:L16) -> 16 | P5: =[2]Sheet1!$A$1 -> 46175
B7: 1 | C7: DS01T2613R-N | D7: =VLOOKUP(C7,'MASTER VOLUME'!$B$3:$C$487,2,0) -> DISP.SYRINGE 1ML TB 26GX1/2"/2613 LUER SLIP R-N | E7: 1500 | F7: =UPPER(VLOOKUP(C7,'MASTER VOLUME'!$B$3:$AR$549,23,0)) -> PCS | G7: =(VLOOKUP(C7,'MASTER VOLUME'!$B$1:$AD$487,17,0)/VLOOKUP(C7,'MASTER VOLUME'!$B$1:$AD$487,12,0))*E7 -> 8.09625 | H7: =(VLOOKUP(C7,'MASTER VOLUME'!$B$3:$S$487,6,0)*VLOOKUP(C7,'MASTER VOLUME'!$B$3:$S$487,7,0)*VLOOKUP(C7,'MASTER VOLUME'!$B$3:$S$487,8,0)/4000)*(E7/VLOOKUP(C7,'MASTER VOLUME'!$B$3:$S$487,12,0)) -> 14.345068 | I7: =(VLOOKUP(C7,'MASTER VOLUME'!$B$3:$U$487,6,0)*VLOOKUP(C7,'MASTER VOLUME'!$B$3:$U$487,7,0)*VLOOKUP(C7,'MASTER VOLUME'!$B$3:$U$487,8,0)/4000)*(E7/VLOOKUP(C7,'MASTER VOLUME'!$B$3:$U$487,12,0)) -> 14.345068 | J7: =(VLOOKUP(C7,'MASTER VOLUME'!$B$3:$U$487,6,0)*VLOOKUP(C7,'MASTER VOLUME'!$B$3:$U$487,7,0)*VLOOKUP(C7,'MASTER VOLUME'!$B$3:$U$487,8,0)/6000)*(E7/VLOOKUP(C7,'MASTER VOLUME'!$B$3:$U$487,12,0)) -> 9.5633789 | K7: =VLOOKUP(C7,'MASTER VOLUME'!$B$3:$U$487,9,0)*L7 -> 0.12241125 | L7: =ROUNDUP(E7/VLOOKUP(C7,'MASTER VOLUME'!$B$3:$U$487,12,0),0) -> 1 | N7: =VLOOKUP(C7,[2]Sheet1!$A$5:$C$87,3,0) -> 72125
B8: 2 | C8: DS10L2138R-N | D8: =VLOOKUP(C8,'MASTER VOLUME'!$B$3:$C$487,2,0) -> DISP.SYRINGE 10ML LUER LOCK with NEEDLE 21Gx1 1/2" | E8: 4000 | F8: =UPPER(VLOOKUP(C8,'MASTER VOLUME'!$B$3:$AR$549,23,0)) -> PCS | G8: =(VLOOKUP(C8,'MASTER VOLUME'!$B$1:$AD$487,17,0)/VLOOKUP(C8,'MASTER VOLUME'!$B$1:$AD$487,12,0))*E8 -> 57.88 | H8: =(VLOOKUP(C8,'MASTER VOLUME'!$B$3:$S$487,6,0)*VLOOKUP(C8,'MASTER VOLUME'!$B$3:$S$487,7,0)*VLOOKUP(C8,'MASTER VOLUME'!$B$3:$S$487,8,0)/4000)*(E8/VLOOKUP(C8,'MASTER VOLUME'!$B$3:$S$487,12,0)) -> 101.2095 | I8: =(VLOOKUP(C8,'MASTER VOLUME'!$B$3:$U$487,6,0)*VLOOKUP(C8,'MASTER VOLUME'!$B$3:$U$487,7,0)*VLOOKUP(C8,'MASTER VOLUME'!$B$3:$U$487,8,0)/4000)*(E8/VLOOKUP(C8,'MASTER VOLUME'!$B$3:$U$487,12,0)) -> 101.2095 | J8: =(VLOOKUP(C8,'MASTER VOLUME'!$B$3:$U$487,6,0)*VLOOKUP(C8,'MASTER VOLUME'!$B$3:$U$487,7,0)*VLOOKUP(C8,'MASTER VOLUME'!$B$3:$U$487,8,0)/6000)*(E8/VLOOKUP(C8,'MASTER VOLUME'!$B$3:$U$487,12,0)) -> 67.473 | K8: =VLOOKUP(C8,'MASTER VOLUME'!$B$3:$U$487,9,0)*L8 -> 0.404838 | L8: =ROUNDUP(E8/VLOOKUP(C8,'MASTER VOLUME'!$B$3:$U$487,12,0),0) -> 4 | N8: =VLOOKUP(C8,[2]Sheet1!$A$5:$C$87,3,0) -> 767966
B9: 3 | C9: DS20LSR-N | D9: =VLOOKUP(C9,'MASTER VOLUME'!$B$3:$C$487,2,0) -> DISP.SYRINGE 20ML without NEEDLE LUER SLIP R-N | E9: 100 | F9: =UPPER(VLOOKUP(C9,'MASTER VOLUME'!$B$3:$AR$549,23,0)) -> PCS | G9: =(VLOOKUP(C9,'MASTER VOLUME'!$B$1:$AD$487,17,0)/VLOOKUP(C9,'MASTER VOLUME'!$B$1:$AD$487,12,0))*E9 -> 1.95125 | H9: =(VLOOKUP(C9,'MASTER VOLUME'!$B$3:$S$487,6,0)*VLOOKUP(C9,'MASTER VOLUME'!$B$3:$S$487,7,0)*VLOOKUP(C9,'MASTER VOLUME'!$B$3:$S$487,8,0)/4000)*(E9/VLOOKUP(C9,'MASTER VOLUME'!$B$3:$S$487,12,0)) -> 3.8070703 | I9: =(VLOOKUP(C9,'MASTER VOLUME'!$B$3:$U$487,6,0)*VLOOKUP(C9,'MASTER VOLUME'!$B$3:$U$487,7,0)*VLOOKUP(C9,'MASTER VOLUME'!$B$3:$U$487,8,0)/4000)*(E9/VLOOKUP(C9,'MASTER VOLUME'!$B$3:$U$487,12,0)) -> 3.8070703 | J9: =(VLOOKUP(C9,'MASTER VOLUME'!$B$3:$U$487,6,0)*VLOOKUP(C9,'MASTER VOLUME'!$B$3:$U$487,7,0)*VLOOKUP(C9,'MASTER VOLUME'!$B$3:$U$487,8,0)/6000)*(E9/VLOOKUP(C9,'MASTER VOLUME'!$B$3:$U$487,12,0)) -> 2.5380469 | K9: =VLOOKUP(C9,'MASTER VOLUME'!$B$3:$U$487,9,0)*L9 -> 0.12182625 | L9: =ROUNDUP(E9/VLOOKUP(C9,'MASTER VOLUME'!$B$3:$U$487,12,0),0) -> 1 | N9: =VLOOKUP(C9,[2]Sheet1!$A$5:$C$87,3,0) -> 44371
B10: 4 | C10: DS03L2332R-N | D10: =VLOOKUP(C10,'MASTER VOLUME'!$B$3:$C$487,2,0) -> DISP.SYRINGE 3ML LUER LOCK with NEEDLE 23GX1 1/4" | E10: 8000 | F10: =UPPER(VLOOKUP(C10,'MASTER VOLUME'!$B$3:$AR$549,23,0)) -> PCS | G10: =(VLOOKUP(C10,'MASTER VOLUME'!$B$1:$AD$487,17,0)/VLOOKUP(C10,'MASTER VOLUME'!$B$1:$AD$487,12,0))*E10 -> 54.273333 | H10: =(VLOOKUP(C10,'MASTER VOLUME'!$B$3:$S$487,6,0)*VLOOKUP(C10,'MASTER VOLUME'!$B$3:$S$487,7,0)*VLOOKUP(C10,'MASTER VOLUME'!$B$3:$S$487,8,0)/4000)*(E10/VLOOKUP(C10,'MASTER VOLUME'!$B$3:$S$487,12,0)) -> 100.92469 | I10: =(VLOOKUP(C10,'MASTER VOLUME'!$B$3:$U$487,6,0)*VLOOKUP(C10,'MASTER VOLUME'!$B$3:$U$487,7,0)*VLOOKUP(C10,'MASTER VOLUME'!$B$3:$U$487,8,0)/4000)*(E10/VLOOKUP(C10,'MASTER VOLUME'!$B$3:$U$487,12,0)) -> 100.92469 | J10: =(VLOOKUP(C10,'MASTER VOLUME'!$B$3:$U$487,6,0)*VLOOKUP(C10,'MASTER VOLUME'!$B$3:$U$487,7,0)*VLOOKUP(C10,'MASTER VOLUME'!$B$3:$U$487,8,0)/6000)*(E10/VLOOKUP(C10,'MASTER VOLUME'!$B$3:$U$487,12,0)) -> 67.283125 | K10: =VLOOKUP(C10,'MASTER VOLUME'!$B$3:$U$487,9,0)*L10 -> 0.4844385 | L10: =ROUNDUP(E10/VLOOKUP(C10,'MASTER VOLUME'!$B$3:$U$487,12,0),0) -> 4 | N10: =VLOOKUP(C10,[2]Sheet1!$A$5:$C$87,3,0) -> 1430086
B11: 5 | C11: 7022V PDM-13-BLUE | D11: =VLOOKUP(C11,'MASTER VOLUME'!$B$3:$C$487,2,0) -> Thermal Wristband 7022V-13-PDM BLUE | E11: 1000 | F11: =UPPER(VLOOKUP(C11,'MASTER VOLUME'!$B$3:$AR$549,23,0)) -> PCS | G11: =(VLOOKUP(C11,'MASTER VOLUME'!$B$1:$AD$487,17,0)/VLOOKUP(C11,'MASTER VOLUME'!$B$1:$AD$487,12,0))*E11 -> 1.1733333 | H11: =(VLOOKUP(C11,'MASTER VOLUME'!$B$3:$S$487,6,0)*VLOOKUP(C11,'MASTER VOLUME'!$B$3:$S$487,7,0)*VLOOKUP(C11,'MASTER VOLUME'!$B$3:$S$487,8,0)/4000)*(E11/VLOOKUP(C11,'MASTER VOLUME'!$B$3:$S$487,12,0)) -> 0.943 | I11: =(VLOOKUP(C11,'MASTER VOLUME'!$B$3:$U$487,6,0)*VLOOKUP(C11,'MASTER VOLUME'!$B$3:$U$487,7,0)*VLOOKUP(C11,'MASTER VOLUME'!$B$3:$U$487,8,0)/4000)*(E11/VLOOKUP(C11,'MASTER VOLUME'!$B$3:$U$487,12,0)) -> 0.943 | J11: =(VLOOKUP(C11,'MASTER VOLUME'!$B$3:$U$487,6,0)*VLOOKUP(C11,'MASTER VOLUME'!$B$3:$U$487,7,0)*VLOOKUP(C11,'MASTER VOLUME'!$B$3:$U$487,8,0)/6000)*(E11/VLOOKUP(C11,'MASTER VOLUME'!$B$3:$U$487,12,0)) -> 0.62866667 | K11: =VLOOKUP(C11,'MASTER VOLUME'!$B$3:$U$487,9,0)*L11 -> 0.05658 | L11: =ROUNDUP(E11/VLOOKUP(C11,'MASTER VOLUME'!$B$3:$U$487,12,0),0) -> 1 | N11: =VLOOKUP(C11,[2]Sheet1!$A$5:$C$87,3,0) -> 21000
B12: 6 | C12: 7022v PDM-12-PINK | D12: =VLOOKUP(C12,'MASTER VOLUME'!$B$3:$C$487,2,0) -> Thermal Wristband 7022V-12-PDM PINK | E12: 1000 | F12: =UPPER(VLOOKUP(C12,'MASTER VOLUME'!$B$3:$AR$549,23,0)) -> PCS | G12: =(VLOOKUP(C12,'MASTER VOLUME'!$B$1:$AD$487,17,0)/VLOOKUP(C12,'MASTER VOLUME'!$B$1:$AD$487,12,0))*E12 -> 1.1733333 | H12: =(VLOOKUP(C12,'MASTER VOLUME'!$B$3:$S$487,6,0)*VLOOKUP(C12,'MASTER VOLUME'!$B$3:$S$487,7,0)*VLOOKUP(C12,'MASTER VOLUME'!$B$3:$S$487,8,0)/4000)*(E12/VLOOKUP(C12,'MASTER VOLUME'!$B$3:$S$487,12,0)) -> 0.943 | I12: =(VLOOKUP(C12,'MASTER VOLUME'!$B$3:$U$487,6,0)*VLOOKUP(C12,'MASTER VOLUME'!$B$3:$U$487,7,0)*VLOOKUP(C12,'MASTER VOLUME'!$B$3:$U$487,8,0)/4000)*(E12/VLOOKUP(C12,'MASTER VOLUME'!$B$3:$U$487,12,0)) -> 0.943 | J12: =(VLOOKUP(C12,'MASTER VOLUME'!$B$3:$U$487,6,0)*VLOOKUP(C12,'MASTER VOLUME'!$B$3:$U$487,7,0)*VLOOKUP(C12,'MASTER VOLUME'!$B$3:$U$487,8,0)/6000)*(E12/VLOOKUP(C12,'MASTER VOLUME'!$B$3:$U$487,12,0)) -> 0.62866667 | K12: =VLOOKUP(C12,'MASTER VOLUME'!$B$3:$U$487,9,0)*L12 -> 0.05658 | L12: =ROUNDUP(E12/VLOOKUP(C12,'MASTER VOLUME'!$B$3:$U$487,12,0),0) -> 1 | N12: =VLOOKUP(C12,[2]Sheet1!$A$5:$C$87,3,0) -> 37000
B13: 7 | C13: NIC1832-N-E | D13: =VLOOKUP(C13,'MASTER VOLUME'!$B$3:$C$487,2,0) -> I.V CATHETER 18GX1 1/4"/1832 ETFE | E13: 300 | F13: =UPPER(VLOOKUP(C13,'MASTER VOLUME'!$B$3:$AR$549,23,0)) -> PCS | G13: =(VLOOKUP(C13,'MASTER VOLUME'!$B$1:$AD$487,17,0)/VLOOKUP(C13,'MASTER VOLUME'!$B$1:$AD$487,12,0))*E13 -> 1.68 | H13: =(VLOOKUP(C13,'MASTER VOLUME'!$B$3:$S$487,6,0)*VLOOKUP(C13,'MASTER VOLUME'!$B$3:$S$487,7,0)*VLOOKUP(C13,'MASTER VOLUME'!$B$3:$S$487,8,0)/4000)*(E13/VLOOKUP(C13,'MASTER VOLUME'!$B$3:$S$487,12,0)) -> 3.25125 | I13: =(VLOOKUP(C13,'MASTER VOLUME'!$B$3:$U$487,6,0)*VLOOKUP(C13,'MASTER VOLUME'!$B$3:$U$487,7,0)*VLOOKUP(C13,'MASTER VOLUME'!$B$3:$U$487,8,0)/4000)*(E13/VLOOKUP(C13,'MASTER VOLUME'!$B$3:$U$487,12,0)) -> 3.25125 | J13: =(VLOOKUP(C13,'MASTER VOLUME'!$B$3:$U$487,6,0)*VLOOKUP(C13,'MASTER VOLUME'!$B$3:$U$487,7,0)*VLOOKUP(C13,'MASTER VOLUME'!$B$3:$U$487,8,0)/6000)*(E13/VLOOKUP(C13,'MASTER VOLUME'!$B$3:$U$487,12,0)) -> 2.1675 | K13: =VLOOKUP(C13,'MASTER VOLUME'!$B$3:$U$487,9,0)*L13 -> 0.0867 | L13: =ROUNDUP(E13/VLOOKUP(C13,'MASTER VOLUME'!$B$3:$U$487,12,0),0) -> 1 | N13: =VLOOKUP(C13,[2]Sheet1!$A$5:$C$87,3,0) -> 12383
B14: 8 | C14: NIC2032-N-E | D14: =VLOOKUP(C14,'MASTER VOLUME'!$B$3:$C$487,2,0) -> I.V CATHETER 20GX1 1/4"/2032-N-PU | E14: 300 | F14: =UPPER(VLOOKUP(C14,'MASTER VOLUME'!$B$3:$AR$549,23,0)) -> PCS | G14: =(VLOOKUP(C14,'MASTER VOLUME'!$B$1:$AD$487,17,0)/VLOOKUP(C14,'MASTER VOLUME'!$B$1:$AD$487,12,0))*E14 -> 1.68 | H14: =(VLOOKUP(C14,'MASTER VOLUME'!$B$3:$S$487,6,0)*VLOOKUP(C14,'MASTER VOLUME'!$B$3:$S$487,7,0)*VLOOKUP(C14,'MASTER VOLUME'!$B$3:$S$487,8,0)/4000)*(E14/VLOOKUP(C14,'MASTER VOLUME'!$B$3:$S$487,12,0)) -> 3.25125 | I14: =(VLOOKUP(C14,'MASTER VOLUME'!$B$3:$U$487,6,0)*VLOOKUP(C14,'MASTER VOLUME'!$B$3:$U$487,7,0)*VLOOKUP(C14,'MASTER VOLUME'!$B$3:$U$487,8,0)/4000)*(E14/VLOOKUP(C14,'MASTER VOLUME'!$B$3:$U$487,12,0)) -> 3.25125 | J14: =(VLOOKUP(C14,'MASTER VOLUME'!$B$3:$U$487,6,0)*VLOOKUP(C14,'MASTER VOLUME'!$B$3:$U$487,7,0)*VLOOKUP(C14,'MASTER VOLUME'!$B$3:$U$487,8,0)/6000)*(E14/VLOOKUP(C14,'MASTER VOLUME'!$B$3:$U$487,12,0)) -> 2.1675 | K14: =VLOOKUP(C14,'MASTER VOLUME'!$B$3:$U$487,9,0)*L14 -> 0.0867 | L14: =ROUNDUP(E14/VLOOKUP(C14,'MASTER VOLUME'!$B$3:$U$487,12,0),0) -> 1 | N14: =VLOOKUP(C14,[2]Sheet1!$A$5:$C$87,3,0) -> 37710
B15: 9 | C15: NIC2225-N-E | D15: =VLOOKUP(C15,'MASTER VOLUME'!$B$3:$C$487,2,0) -> I.V CATHETER 22GX1"/2225 ETFE | E15: 1500 | F15: =UPPER(VLOOKUP(C15,'MASTER VOLUME'!$B$3:$AR$549,23,0)) -> PCS | G15: =(VLOOKUP(C15,'MASTER VOLUME'!$B$1:$AD$487,17,0)/VLOOKUP(C15,'MASTER VOLUME'!$B$1:$AD$487,12,0))*E15 -> 8.4 | H15: =(VLOOKUP(C15,'MASTER VOLUME'!$B$3:$S$487,6,0)*VLOOKUP(C15,'MASTER VOLUME'!$B$3:$S$487,7,0)*VLOOKUP(C15,'MASTER VOLUME'!$B$3:$S$487,8,0)/4000)*(E15/VLOOKUP(C15,'MASTER VOLUME'!$B$3:$S$487,12,0)) -> 16.25625 | I15: =(VLOOKUP(C15,'MASTER VOLUME'!$B$3:$U$487,6,0)*VLOOKUP(C15,'MASTER VOLUME'!$B$3:$U$487,7,0)*VLOOKUP(C15,'MASTER VOLUME'!$B$3:$U$487,8,0)/4000)*(E15/VLOOKUP(C15,'MASTER VOLUME'!$B$3:$U$487,12,0)) -> 16.25625 | J15: =(VLOOKUP(C15,'MASTER VOLUME'!$B$3:$U$487,6,0)*VLOOKUP(C15,'MASTER VOLUME'!$B$3:$U$487,7,0)*VLOOKUP(C15,'MASTER VOLUME'!$B$3:$U$487,8,0)/6000)*(E15/VLOOKUP(C15,'MASTER VOLUME'!$B$3:$U$487,12,0)) -> 10.8375 | K15: =VLOOKUP(C15,'MASTER VOLUME'!$B$3:$U$487,9,0)*L15 -> 0.0867 | L15: =ROUNDUP(E15/VLOOKUP(C15,'MASTER VOLUME'!$B$3:$U$487,12,0),0) -> 1 | N15: =VLOOKUP(C15,[2]Sheet1!$A$5:$C$87,3,0) -> 63777
B16: 10 | C16: NIC2420-N-E | D16: =VLOOKUP(C16,'MASTER VOLUME'!$B$3:$C$487,2,0) -> I.V CATHETER 24GX3/4"/2420 ETFE | E16: 1000 | F16: =UPPER(VLOOKUP(C16,'MASTER VOLUME'!$B$3:$AR$549,23,0)) -> PCS | G16: =(VLOOKUP(C16,'MASTER VOLUME'!$B$1:$AD$487,17,0)/VLOOKUP(C16,'MASTER VOLUME'!$B$1:$AD$487,12,0))*E16 -> 5.6 | H16: =(VLOOKUP(C16,'MASTER VOLUME'!$B$3:$S$487,6,0)*VLOOKUP(C16,'MASTER VOLUME'!$B$3:$S$487,7,0)*VLOOKUP(C16,'MASTER VOLUME'!$B$3:$S$487,8,0)/4000)*(E16/VLOOKUP(C16,'MASTER VOLUME'!$B$3:$S$487,12,0)) -> 10.8375 | I16: =(VLOOKUP(C16,'MASTER VOLUME'!$B$3:$U$487,6,0)*VLOOKUP(C16,'MASTER VOLUME'!$B$3:$U$487,7,0)*VLOOKUP(C16,'MASTER VOLUME'!$B$3:$U$487,8,0)/4000)*(E16/VLOOKUP(C16,'MASTER VOLUME'!$B$3:$U$487,12,0)) -> 10.8375 | J16: =(VLOOKUP(C16,'MASTER VOLUME'!$B$3:$U$487,6,0)*VLOOKUP(C16,'MASTER VOLUME'!$B$3:$U$487,7,0)*VLOOKUP(C16,'MASTER VOLUME'!$B$3:$U$487,8,0)/6000)*(E16/VLOOKUP(C16,'MASTER VOLUME'!$B$3:$U$487,12,0)) -> 7.225 | K16: =VLOOKUP(C16,'MASTER VOLUME'!$B$3:$U$487,9,0)*L16 -> 0.0867 | L16: =ROUNDUP(E16/VLOOKUP(C16,'MASTER VOLUME'!$B$3:$U$487,12,0),0) -> 1 | N16: =VLOOKUP(C16,[2]Sheet1!$A$5:$C$87,3,0) -> 45508
D18: Nilai DO | E18: 37506900
D19: Biaya Kirim External | E19: 4040 | F19: ** TRANSPORTER : INDAH LOGISTIK, DESTINASI : LUBUK SIKAPING, LEADTIME : 2 - 3 HARI
D20: Total Biaya Kirim | E20: =E19*H5 -> 1033305
D21: Cost Ratio | E21: =E20/E18 -> 0.027549732
C24: LINK :
C25: HARGA INDAH LOGISTIK

Sheet MASTER VOLUME
B1: 1 | C1: 2 | D1: 3 | E1: 4 | F1: 5 | G1: 6 | H1: 7 | I1: 8 | J1: 9 | K1: 10 | L1: 11 | M1: 12 | N1: 13 | O1: 14 | P1: 15 | Q1: 16 | R1: 17 | S1: 18 | T1: 19 | U1: 20 | V1: 21 | W1: 22 | X1: 23 | Y1: 24 | Z1: 25 | AA1: 26 | AB1: 27 | AC1: 28 | AD1: 29
A2: No | B2: NO ITEM | C2: ITEM DESCRIPTION | D2: P (cm) - Inner | E2: L(cm) - Inner | F2: T(cm) - Inner | G2: P (cm) - Outer | H2: L(cm) - Outer | I2: T(cm) - Outer | J2: Kubik - Outer Box | K2: Pcs / 1 Inner Box | L2: Inner Box / 1 Outer Box | M2: Pcs / 1 Outer Box | N2: Outer Box / 1 Layer | O2: Jumlah Tumpukan | P2: Outer Box / 1 Pallet | Q2: Pcs / 1 Pallet | R2: Berat (Kg) | S2: Aktif / Non Aktif | U2: Berat dus luar | W2: QTY | X2: UoM | Y2: BERAT (KG) | Z2: Berat Volumetrik Darat/laut (kg) | AA2: Berat Volumetrik Udara (kg) | AB2: Kubikasi | AC2: Koli | AD2: HD / NHD
A3: 1 | B3: DS01N100 | C3: DISP.SYRINGE 1ML insulin 100 unit | D3: 21 | E3: 14 | F3: 10.7 | G3: 58.5 | H3: 45 | I3: 46.5 | J3: =(G3*H3*I3)/1000000 -> 0.12241125 | K3: 100 | L3: 32 | M3: =K3*L3 -> 3200 | N3: 4 | O3: 4 | P3: =N3*O3 -> 16 | Q3: =M3*P3 -> 51200 | R3: 15.8 | S3: Aktif | X3: pcs | Y3: =R3/M3*W3 -> 0 | Z3: =(G3*H3*I3/4000)*(W3/M3) -> 0 | AA3: =(G3*H3*I3/6000)*(W3/M3) -> 0 | AB3: =(G3*H3*I3/1000000)*(W3/M3) -> 0 | AC3: =ROUNDUP(W3/M3,0) -> 0 | AD3: NHD
A4: 2 | B4: DS01T2613 | C4: DISP.SYRINGE 1ML TB | D4: 21 | E4: 14 | F4: 10.7 | G4: 58.5 | H4: 45 | I4: 46.5 | J4: =(G4*H4*I4)/1000000 -> 0.12241125 | K4: 100 | L4: 32 | M4: =K4*L4 -> 3200 | N4: 4 | O4: 4 | P4: =N4*O4 -> 16 | Q4: =M4*P4 -> 51200 | R4: 15.8 | S4: Aktif | X4: pcs | Y4: =R4/M4*W4 -> 0 | Z4: =(G4*H4*I4/4000)*(W4/M4) -> 0 | AA4: =(G4*H4*I4/6000)*(W4/M4) -> 0 | AB4: =(G4*H4*I4/1000000)*(W4/M4) -> 0 | AC4: =ROUNDUP(W4/M4,0) -> 0 | AD4: NHD
A5: 3 | B5: DS01T2613-N | C5: DISP.SYRINGE 1ML TB 26GX1/2"/2613 LUER SLIP -N | D5: 21 | E5: 14 | F5: 10.7 | G5: 58.5 | H5: 45 | I5: 46.5 | J5: =(G5*H5*I5)/1000000 -> 0.12241125 | K5: 100 | L5: 32 | M5: =K5*L5 -> 3200 | N5: 4 | O5: 4 | P5: =N5*O5 -> 16 | Q5: =M5*P5 -> 51200 | R5: 17.272 | S5: Aktif | X5: pcs | Y5: =R5/M5*W5 -> 0 | Z5: =(G5*H5*I5/4000)*(W5/M5) -> 0 | AA5: =(G5*H5*I5/6000)*(W5/M5) -> 0 | AB5: =(G5*H5*I5/1000000)*(W5/M5) -> 0 | AC5: =ROUNDUP(W5/M5,0) -> 0 | AD5: NHD
A6: 4 | B6: DS01T2613R-N | C6: DISP.SYRINGE 1ML TB 26GX1/2"/2613 LUER SLIP R-N | D6: 21 | E6: 14 | F6: 10.7 | G6: 58.5 | H6: 45 | I6: 46.5 | J6: =(G6*H6*I6)/1000000 -> 0.12241125 | K6: 100 | L6: 32 | M6: =K6*L6 -> 3200 | N6: 4 | O6: 4 | P6: =N6*O6 -> 16 | Q6: =M6*P6 -> 51200 | R6: 17.272 | S6: Aktif | X6: pcs | Y6: =R6/M6*W6 -> 0 | Z6: =(G6*H6*I6/4000)*(W6/M6) -> 0 | AA6: =(G6*H6*I6/6000)*(W6/M6) -> 0 | AB6: =(G6*H6*I6/1000000)*(W6/M6) -> 0 | AC6: =ROUNDUP(W6/M6,0) -> 0 | AD6: NHD
A7: 5 | B7: DS03L2332 | C7: DISP.SYRINGE 3ML (23G X 1 1/4) - E - PACK" | D7: 22 | E7: 21 | F7: 9 | G7: 58.5 | H7: 45.5 | I7: 45.5 | J7: =(G7*H7*I7)/1000000 -> 0.12110962 | K7: 100 | L7: 24 | M7: =K7*L7 -> 2400 | N7: 4 | O7: 4 | P7: =N7*O7 -> 16 | Q7: =M7*P7 -> 38400 | R7: 16.282 | S7: Aktif | X7: pcs | Y7: =R7/M7*W7 -> 0 | Z7: =(G7*H7*I7/4000)*(W7/M7) -> 0 | AA7: =(G7*H7*I7/6000)*(W7/M7) -> 0 | AB7: =(G7*H7*I7/1000000)*(W7/M7) -> 0 | AC7: =ROUNDUP(W7/M7,0) -> 0 | AD7: NHD
A8: 6 | B8: DS03L2332-N | C8: DISP.SYRINGE 3ML LUER LOCK with NEEDLE 23GX1 1/4" | D8: 22 | E8: 21 | F8: 9 | G8: 58.5 | H8: 45.5 | I8: 45.5 | J8: =(G8*H8*I8)/1000000 -> 0.12110962 | K8: 100 | L8: 24 | M8: =K8*L8 -> 2400 | N8: 4 | O8: 4 | P8: =N8*O8 -> 16 | Q8: =M8*P8 -> 38400 | R8: 16.282 | S8: Aktif | X8: pcs | Y8: =R8/M8*W8 -> 0 | Z8: =(G8*H8*I8/4000)*(W8/M8) -> 0 | AA8: =(G8*H8*I8/6000)*(W8/M8) -> 0 | AB8: =(G8*H8*I8/1000000)*(W8/M8) -> 0 | AC8: =ROUNDUP(W8/M8,0) -> 0 | AD8: NHD
A9: 7 | B9: DS03L2332R-N | C9: DISP.SYRINGE 3ML LUER LOCK with NEEDLE 23GX1 1/4" | D9: 22 | E9: 21 | F9: 9 | G9: 58.5 | H9: 45.5 | I9: 45.5 | J9: =(G9*H9*I9)/1000000 -> 0.12110962 | K9: 100 | L9: 24 | M9: =K9*L9 -> 2400 | N9: 4 | O9: 4 | P9: =N9*O9 -> 16 | Q9: =M9*P9 -> 38400 | R9: 16.282 | S9: Aktif | W9: 5000 | X9: pcs | Y9: =R9/M9*W9 -> 33.920833 | Z9: =(G9*H9*I9/4000)*(W9/M9) -> 63.07793 | AA9: =(G9*H9*I9/6000)*(W9/M9) -> 42.051953 | AB9: =(G9*H9*I9/1000000)*(W9/M9) -> 0.25231172 | AC9: =ROUNDUP(W9/M9,0) -> 3 | AD9: NHD
A10: 8 | B10: DS03L2425 | C10: DISP.SYRINGE 3ML(24GX1)" | D10: 22 | E10: 21 | F10: 9 | G10: 58.5 | H10: 45.5 | I10: 45.5 | J10: =(G10*H10*I10)/1000000 -> 0.12110962 | K10: 100 | L10: 24 | M10: =K10*L10 -> 2400 | N10: 4 | O10: 4 | P10: =N10*O10 -> 16 | Q10: =M10*P10 -> 38400 | R10: 16.282 | S10: Aktif | X10: pcs | Y10: =R10/M10*W10 -> 0 | Z10: =(G10*H10*I10/4000)*(W10/M10) -> 0 | AA10: =(G10*H10*I10/6000)*(W10/M10) -> 0 | AB10: =(G10*H10*I10/1000000)*(W10/M10) -> 0 | AC10: =ROUNDUP(W10/M10,0) -> 0 | AD10: NHD
A11: 9 | B11: DS03L2425-N | C11: DISP.SYRINGE 3ML LUER LOCK with NEEDLE 24GX1" | D11: 22 | E11: 21 | F11: 9 | G11: 58.5 | H11: 45.5 | I11: 45.5 | J11: =(G11*H11*I11)/1000000 -> 0.12110962 | K11: 100 | L11: 24 | M11: =K11*L11 -> 2400 | N11: 4 | O11: 4 | P11: =N11*O11 -> 16 | Q11: =M11*P11 -> 38400 | R11: 16.282 | S11: Aktif | X11: pcs | Y11: =R11/M11*W11 -> 0 | Z11: =(G11*H11*I11/4000)*(W11/M11) -> 0 | AA11: =(G11*H11*I11/6000)*(W11/M11) -> 0 | AB11: =(G11*H11*I11/1000000)*(W11/M11) -> 0 | AC11: =ROUNDUP(W11/M11,0) -> 0 | AD11: NHD
A12: 10 | B12: DS03L2425R-N | C12: DISP.SYRINGE 3ML LUER LOCK with NEEDLE 24GX1" | D12: 22 | E12: 21 | F12: 9 | G12: 58.5 | H12: 45.5 | I12: 45.5 | J12: =(G12*H12*I12)/1000000 -> 0.12110962 | K12: 100 | L12: 24 | M12: =K12*L12 -> 2400 | N12: 4 | O12: 4 | P12: =N12*O12 -> 16 | Q12: =M12*P12 -> 38400 | R12: 16.282 | S12: Aktif | X12: pcs | Y12: =R12/M12*W12 -> 0 | Z12: =(G12*H12*I12/4000)*(W12/M12) -> 0 | AA12: =(G12*H12*I12/6000)*(W12/M12) -> 0 | AB12: =(G12*H12*I12/1000000)*(W12/M12) -> 0 | AC12: =ROUNDUP(W12/M12,0) -> 0 | AD12: NHD
A13: 11 | B13: DS03L2432 | C13: DISP.SYRINGE 3ML(24GX1 1/4)" | D13: 22 | E13: 21 | F13: 9 | G13: 58.5 | H13: 45.5 | I13: 45.5 | J13: =(G13*H13*I13)/1000000 -> 0.12110962 | K13: 100 | L13: 24 | M13: =K13*L13 -> 2400 | N13: 4 | O13: 4 | P13: =N13*O13 -> 16 | Q13: =M13*P13 -> 38400 | R13: 16.282 | S13: Aktif | X13: pcs | Y13: =R13/M13*W13 -> 0 | Z13: =(G13*H13*I13/4000)*(W13/M13) -> 0 | AA13: =(G13*H13*I13/6000)*(W13/M13) -> 0 | AB13: =(G13*H13*I13/1000000)*(W13/M13) -> 0 | AC13: =ROUNDUP(W13/M13,0) -> 0 | AD13: NHD
A14: 12 | B14: DS03L2432-N | C14: DISP.SYRINGE 3ML LUER LOCK with NEEDLE 24GX1 1/4" | D14: 22 | E14: 21 | F14: 9 | G14: 58.5 | H14: 45.5 | I14: 45.5 | J14: =(G14*H14*I14)/1000000 -> 0.12110962 | K14: 100 | L14: 24 | M14: =K14*L14 -> 2400 | N14: 4 | O14: 4 | P14: =N14*O14 -> 16 | Q14: =M14*P14 -> 38400 | R14: 15.272 | S14: Aktif | X14: pcs | Y14: =R14/M14*W14 -> 0 | Z14: =(G14*H14*I14/4000)*(W14/M14) -> 0 | AA14: =(G14*H14*I14/6000)*(W14/M14) -> 0 | AB14: =(G14*H14*I14/1000000)*(W14/M14) -> 0 | AC14: =ROUNDUP(W14/M14,0) -> 0 | AD14: NHD
A15: 13 | B15: DS03L-C | C15: DISP.SYRINGE 3ML W.NEEDLE - G - PACK | J15: =(G15*H15*I15)/1000000 -> 0 | M15: =K15*L15 -> 0 | P15: =N15*O15 -> 0 | Q15: =M15*P15 -> 0 | S15: Non Aktif | X15: pcs | Y15: =R15/M15*W15 -> #DIV/0! | Z15: =(G15*H15*I15/4000)*(W15/M15) -> #DIV/0! | AA15: =(G15*H15*I15/6000)*(W15/M15) -> #DIV/0! | AB15: =(G15*H15*I15/1000000)*(W15/M15) -> #DIV/0! | AC15: =ROUNDUP(W15/M15,0) -> #DIV/0! | AD15: NHD
A16: 14 | B16: DS05L2238 | C16: DISP.SYRINGE 5ML W.NEEDLE - E - PACK | D16: 42 | E16: 18.5 | F16: 7.5 | G16: 58 | H16: 45 | I16: 46 | J16: =(G16*H16*I16)/1000000 -> 0.12006 | K16: 100 | L16: 17 | M16: =K16*L16 -> 1700 | N16: 4 | O16: 4 | P16: =N16*O16 -> 16 | Q16: =M16*P16 -> 27200 | R16: 16.5 | S16: Aktif | X16: pcs | Y16: =R16/M16*W16 -> 0 | Z16: =(G16*H16*I16/4000)*(W16/M16) -> 0 | AA16: =(G16*H16*I16/6000)*(W16/M16) -> 0 | AB16: =(G16*H16*I16/1000000)*(W16/M16) -> 0 | AC16: =ROUNDUP(W16/M16,0) -> 0 | AD16: NHD
A17: 15 | B17: DS05L2238-N | C17: DISP.SYRINGE 5ML LUER LOCK with NEEDLE 22Gx1 1/2" | D17: 42 | E17: 18.5 | F17: 7.5 | G17: 58 | H17: 45 | I17: 46 | J17: =(G17*H17*I17)/1000000 -> 0.12006 | K17: 100 | L17: 17 | M17: =K17*L17 -> 1700 | N17: 4 | O17: 4 | P17: =N17*O17 -> 16 | Q17: =M17*P17 -> 27200 | R17: 16.5 | S17: Aktif | X17: pcs | Y17: =R17/M17*W17 -> 0 | Z17: =(G17*H17*I17/4000)*(W17/M17) -> 0 | AA17: =(G17*H17*I17/6000)*(W17/M17) -> 0 | AB17: =(G17*H17*I17/1000000)*(W17/M17) -> 0 | AC17: =ROUNDUP(W17/M17,0) -> 0 | AD17: NHD
A18: 16 | B18: DS05L2238R-N | C18: DISP.SYRINGE 5ML LUER LOCK with NEEDLE 22Gx1 1/2" | D18: 42 | E18: 18.5 | F18: 7.5 | G18: 58 | H18: 45 | I18: 46 | J18: =(G18*H18*I18)/1000000 -> 0.12006 | K18: 100 | L18: 17 | M18: =K18*L18 -> 1700 | N18: 4 | O18: 4 | P18: =N18*O18 -> 16 | Q18: =M18*P18 -> 27200 | R18: 16.5 | S18: Aktif | X18: pcs | Y18: =R18/M18*W18 -> 0 | Z18: =(G18*H18*I18/4000)*(W18/M18) -> 0 | AA18: =(G18*H18*I18/6000)*(W18/M18) -> 0 | AB18: =(G18*H18*I18/1000000)*(W18/M18) -> 0 | AC18: =ROUNDUP(W18/M18,0) -> 0 | AD18: NHD | AE18: =W18/26 -> 0
A19: 17 | B19: DS05L-B | C19: DISP. SYRINGE 5ML W.NEEDLE - G - PACK | D19: 42 | E19: 18.5 | F19: 7.5 | G19: 58 | H19: 45 | I19: 46 | J19: =(G19*H19*I19)/1000000 -> 0.12006 | K19: 100 | L19: 17 | M19: =K19*L19 -> 1700 | N19: 4 | O19: 4 | P19: =N19*O19 -> 16 | Q19: =M19*P19 -> 27200 | R19: 16.5 | S19: Aktif | X19: pcs | Y19: =R19/M19*W19 -> 0 | Z19: =(G19*H19*I19/4000)*(W19/M19) -> 0 | AA19: =(G19*H19*I19/6000)*(W19/M19) -> 0 | AB19: =(G19*H19*I19/1000000)*(W19/M19) -> 0 | AC19: =ROUNDUP(W19/M19,0) -> 0 | AD19: NHD
A20: 18 | B20: DS10L2138 | C20: DISP.SYRINGE 10ML W.NEEDLE - E - PACK | D20: 24 | E20: 20 | F20: 21.5 | G20: 81 | H20: 51 | I20: 24.5 | J20: =(G20*H20*I20)/1000000 -> 0.1012095 | M20: =K20*L20 -> 0 | Q20: =M20*P20 -> 0 | S20: Non Aktif | X20: pcs | Y20: =R20/M20*W20 -> #DIV/0! | Z20: =(G20*H20*I20/4000)*(W20/M20) -> #DIV/0! | AA20: =(G20*H20*I20/6000)*(W20/M20) -> #DIV/0! | AB20: =(G20*H20*I20/1000000)*(W20/M20) -> #DIV/0! | AC20: =ROUNDUP(W20/M20,0) -> #DIV/0! | AD20: NHD
A21: 19 | B21: DS10L2138-N | C21: DISP.SYRINGE 10ML LUER LOCK with NEEDLE 21Gx1 1/2" | D21: 24 | E21: 20 | F21: 21.5 | G21: 81 | H21: 51 | I21: 24.5 | J21: =(G21*H21*I21)/1000000 -> 0.1012095 | K21: 100 | L21: 8 | M21: 1000 | N21: 3 | O21: 5 | P21: =N21*O21 -> 15 | Q21: =M21*P21 -> 15000 | R21: 14.47 | S21: Aktif | X21: pcs | Y21: =R21/M21*W21 -> 0 | Z21: =(G21*H21*I21/4000)*(W21/M21) -> 0 | AA21: =(G21*H21*I21/6000)*(W21/M21) -> 0 | AB21: =(G21*H21*I21/1000000)*(W21/M21) -> 0 | AC21: =ROUNDUP(W21/M21,0) -> 0 | AD21: NHD
A22: 20 | B22: 7023Stc PDM-12-PINK | C22: Thermal Wristband 7023S-12-PDM PINK | D22: 40 | E22: 20 | F22: 5.3 | G22: 60 | H22: 42 | I22: 36.5 | J22: =(G22*H22*I22)/1000000 -> 0.09198 | K22: 500 | L22: 18 | M22: =K22*L22 -> 9000 | N22: 5 | O22: 4 | P22: =N22*O22 -> 20 | Q22: =M22*P22 -> 180000 | R22: 19.1 | S22: Aktif | X22: pcs | Y22: =R22/M22*W22 -> 0 | Z22: =(G22*H22*I22/4000)*(W22/M22) -> 0 | AA22: =(G22*H22*I22/6000)*(W22/M22) -> 0 | AB22: =(G22*H22*I22/1000000)*(W22/M22) -> 0 | AC22: =ROUNDUP(W22/M22,0) -> 0 | AD22: NHD
A23: 21 | B23: DS10L-B | C23: DISP.SYRINGE 10ML W.NEEDLE - G - PACK | D23: 24 | E23: 20 | F23: 21.5 | G23: 81 | H23: 51 | I23: 24.5 | J23: =(G23*H23*I23)/1000000 -> 0.1012095 | K23: 100 | L23: 8 | M23: 1000 | N23: 3 | O23: 5 | P23: =N23*O23 -> 15 | Q23: =M23*P23 -> 15000 | R23: 14.47 | S23: Aktif | X23: pcs | Y23: =R23/M23*W23 -> 0 | Z23: =(G23*H23*I23/4000)*(W23/M23) -> 0 | AA23: =(G23*H23*I23/6000)*(W23/M23) -> 0 | AB23: =(G23*H23*I23/1000000)*(W23/M23) -> 0 | AC23: =ROUNDUP(W23/M23,0) -> 0 | AD23: NHD
A24: 22 | B24: DS20LS | C24: DISP.SYRINGE 20ML W/O NEEDLE | D24: 21 | E24: 21 | F24: 14 | G24: 59.5 | H24: 45.5 | I24: 45 | J24: =(G24*H24*I24)/1000000 -> 0.12182625 | K24: 50 | L24: 16 | M24: =K24*L24 -> 800 | N24: 4 | O24: 4 | P24: =N24*O24 -> 16 | Q24: 15,6 | R24: 15.61 | S24: Aktif | X24: pcs | Y24: =R24/M24*W24 -> 0 | Z24: =(G24*H24*I24/4000)*(W24/M24) -> 0 | AA24: =(G24*H24*I24/6000)*(W24/M24) -> 0 | AB24: =(G24*H24*I24/1000000)*(W24/M24) -> 0 | AC24: =ROUNDUP(W24/M24,0) -> 0 | AD24: NHD
A25: 23 | B25: DS20LS-N | C25: DISP.SYRINGE 20ML without NEEDLE LUER SLIP -N | D25: 21 | E25: 21 | F25: 14 | G25: 59.5 | H25: 45.5 | I25: 45 | J25: =(G25*H25*I25)/1000000 -> 0.12182625 | K25: 50 | L25: 16 | M25: =K25*L25 -> 800 | N25: 4 | O25: 4 | P25: =N25*O25 -> 16 | Q25: 15,6 | R25: 15.61 | S25: Aktif | X25: pcs | Y25: =R25/M25*W25 -> 0 | Z25: =(G25*H25*I25/4000)*(W25/M25) -> 0 | AA25: =(G25*H25*I25/6000)*(W25/M25) -> 0 | AB25: =(G25*H25*I25/1000000)*(W25/M25) -> 0 | AC25: =ROUNDUP(W25/M25,0) -> 0 | AD25: NHD
A26: 24 | B26: DS20LSR-N | C26: DISP.SYRINGE 20ML without NEEDLE LUER SLIP R-N | D26: 21 | E26: 21 | F26: 14 | G26: 59.5 | H26: 45.5 | I26: 45 | J26: =(G26*H26*I26)/1000000 -> 0.12182625 | K26: 50 | L26: 16 | M26: =K26*L26 -> 800 | N26: 4 | O26: 4 | P26: =N26*O26 -> 16 | Q26: =800*4 -> 3200 | R26: 15.61 | S26: Aktif | X26: pcs | Y26: =R26/M26*W26 -> 0 | Z26: =(G26*H26*I26/4000)*(W26/M26) -> 0 | AA26: =(G26*H26*I26/6000)*(W26/M26) -> 0 | AB26: =(G26*H26*I26/1000000)*(W26/M26) -> 0 | AC26: =ROUNDUP(W26/M26,0) -> 0 | AD26: NHD
A27: 25 | B27: DS30LS | C27: DISP.SYR.30ML W/O.NEEDLE(LS) | J27: =(G27*H27*I27)/1000000 -> 0 | M27: =K27*L27 -> 0 | P27: =N27*O27 -> 0 | Q27: =M27*P27 -> 0 | S27: Non Aktif | X27: pcs | Y27: =R27/M27*W27 -> #DIV/0! | Z27: =(G27*H27*I27/4000)*(W27/M27) -> #DIV/0! | AA27: =(G27*H27*I27/6000)*(W27/M27) -> #DIV/0! | AB27: =(G27*H27*I27/1000000)*(W27/M27) -> #DIV/0! | AC27: =ROUNDUP(W27/M27,0) -> #DIV/0! | AD27: NHD
A28: 26 | B28: DS50CT-R-N | C28: DISP.SYRINGE 50ML without NEEDLE Catheter Tip -N | D28: 36 | E28: 21.3 | F28: 15 | G28: 77.5 | H28: 38 | I28: 23.5 | J28: =(G28*H28*I28)/1000000 -> 0.0692075 | K28: 40 | L28: 5 | M28: =K28*L28 -> 200 | N28: 4 | O28: 6 | P28: =N28*O28 -> 24 | Q28: =M28*P28 -> 4800 | R28: 9.095 | S28: Aktif | X28: pcs | Y28: =R28/M28*W28 -> 0 | Z28: =(G28*H28*I28/4000)*(W28/M28) -> 0 | AA28: =(G28*H28*I28/6000)*(W28/M28) -> 0 | AB28: =(G28*H28*I28/1000000)*(W28/M28) -> 0 | AC28: =ROUNDUP(W28/M28,0) -> 0 | AD28: NHD
A29: 27 | B29: DS50CT-N | C29: DISP.SYRINGE 50ML without NEEDLE Catheter Tip -N | D29: 36 | E29: 21.3 | F29: 15 | G29: 77.5 | H29: 38 | I29: 23.5 | J29: =(G29*H29*I29)/1000000 -> 0.0692075 | K29: 40 | L29: 5 | M29: =K29*L29 -> 200 | N29: 4 | O29: 6 | P29: =N29*O29 -> 24 | Q29: =M29*P29 -> 4800 | R29: 9.095 | S29: Aktif | X29: pcs | Y29: =R29/M29*W29 -> 0 | Z29: =(G29*H29*I29/4000)*(W29/M29) -> 0 | AA29: =(G29*H29*I29/6000)*(W29/M29) -> 0 | AB29: =(G29*H29*I29/1000000)*(W29/M29) -> 0 | AC29: =ROUNDUP(W29/M29,0) -> 0 | AD29: NHD
A30: 28 | B30: DS50LS-B | C30: DISP.SYRINGE 50ML-B | M30: =K30*L30 -> 0 | P30: =N30*O30 -> 0 | Q30: =M30*P30 -> 0 | S30: Non Aktif | X30: pcs | Y30: =R30/M30*W30 -> #DIV/0! | Z30: =(G30*H30*I30/4000)*(W30/M30) -> #DIV/0! | AA30: =(G30*H30*I30/6000)*(W30/M30) -> #DIV/0! | AB30: =(G30*H30*I30/1000000)*(W30/M30) -> #DIV/0! | AC30: =ROUNDUP(W30/M30,0) -> #DIV/0! | AD30: NHD
A31: 29 | B31: DS50LS-N | C31: DISP.SYRINGE 50ML without NEEDLE LUER SLIP-N | D31: 28 | E31: 20.5 | F31: 14 | G31: 58 | H31: 45.5 | I31: 46.5 | J31: =(G31*H31*I31)/1000000 -> 0.1227135 | K31: 30 | L31: 12 | M31: =K31*L31 -> 360 | N31: 4 | O31: 4 | P31: =N31*O31 -> 16 | Q31: =M31*P31 -> 5760 | R31: 9.095 | S31: Aktif | X31: pcs | Y31: =R31/M31*W31 -> 0 | Z31: =(G31*H31*I31/4000)*(W31/M31) -> 0 | AA31: =(G31*H31*I31/6000)*(W31/M31) -> 0 | AB31: =(G31*H31*I31/1000000)*(W31/M31) -> 0 | AC31: =ROUNDUP(W31/M31,0) -> 0 | AD31: NHD
A32: 30 | B32: DS50LS-R-N | C32: DISP.SYRINGE.50ML W/O.NEEDLE(LS) BLS E-BEAM | D32: 28 | E32: 20.5 | F32: 14 | G32: 58 | H32: 45.5 | I32: 46.5 | J32: =(G32*H32*I32)/1000000 -> 0.1227135 | K32: 30 | L32: 12 | M32: =K32*L32 -> 360 | N32: 4 | O32: 4 | P32: =N32*O32 -> 16 | Q32: =M32*P32 -> 5760 | R32: 9.095 | S32: Aktif | X32: pcs | Y32: =R32/M32*W32 -> 0 | Z32: =(G32*H32*I32/4000)*(W32/M32) -> 0 | AA32: =(G32*H32*I32/6000)*(W32/M32) -> 0 | AB32: =(G32*H32*I32/1000000)*(W32/M32) -> 0 | AC32: =ROUNDUP(W32/M32,0) -> 0 | AD32: NHD
A33: 31 | B33: DS01T2613-K | C33: DISP.SYRINGE 1ML LUER SLIP W/ NEEDLE 26GX1/2" KAN | D33: 18.5 | E33: 15.5 | F33: 11.5 | G33: 62 | H33: 39 | I33: 49 | J33: =(G33*H33*I33)/1000000 -> 0.118482 | K33: 100 | L33: 32 | M33: =K33*L33 -> 3200 | N33: 5 | O33: 5 | P33: =N33*O33 -> 25 | Q33: =M33*P33 -> 80000 | R33: 14.8 | S33: Aktif | X33: pcs | Y33: =R33/M33*W33 -> 0 | Z33: =(G33*H33*I33/4000)*(W33/M33) -> 0 | AA33: =(G33*H33*I33/6000)*(W33/M33) -> 0 | AB33: =(G33*H33*I33/1000000)*(W33/M33) -> 0 | AC33: =ROUNDUP(W33/M33,0) -> 0 | AD33: NHD
A34: 32 | B34: DS03L2332-K | C34: DISP.SYRINGE 3ML LUER LOCK W/NEEDLE 23GX1-1/4" KAN | D34: 18.5 | E34: 15.5 | F34: 11.5 | G34: 61 | H34: 39 | I34: 49 | J34: =(G34*H34*I34)/1000000 -> 0.116571 | K34: 100 | L34: 30 | M34: =K34*L34 -> 3000 | N34: 5 | O34: 5 | P34: =N34*O34 -> 25 | Q34: =M34*P34 -> 75000 | R34: 17.6 | S34: Aktif | X34: pcs | Y34: =R34/M34*W34 -> 0 | Z34: =(G34*H34*I34/4000)*(W34/M34) -> 0 | AA34: =(G34*H34*I34/6000)*(W34/M34) -> 0 | AB34: =(G34*H34*I34/1000000)*(W34/M34) -> 0 | AC34: =ROUNDUP(W34/M34,0) -> 0 | AD34: NHD
A35: 33 | B35: DS05L2238-K | C35: DISP.SYRINGE 5ml Luer Lock W/Needle 22GX1-1/2" KAN | S35: Non Aktif | X35: pcs | Y35: =R35/M35*W35 -> #DIV/0! | Z35: =(G35*H35*I35/4000)*(W35/M35) -> #DIV/0! | AA35: =(G35*H35*I35/6000)*(W35/M35) -> #DIV/0! | AB35: =(G35*H35*I35/1000000)*(W35/M35) -> #DIV/0! | AC35: =ROUNDUP(W35/M35,0) -> #DIV/0! | AD35: NHD
A36: 34 | B36: SP-60 | C36: SYRINGE PUMP SP-60 | S36: Non Aktif | X36: pcs | Y36: =R36/M36*W36 -> #DIV/0! | Z36: =(G36*H36*I36/4000)*(W36/M36) -> #DIV/0! | AA36: =(G36*H36*I36/6000)*(W36/M36) -> #DIV/0! | AB36: =(G36*H36*I36/1000000)*(W36/M36) -> #DIV/0! | AC36: =ROUNDUP(W36/M36,0) -> #DIV/0! | AD36: NHD
A37: 35 | B37: SP-SMART | C37: SYRINGE PUMP SMARTFUSION SP-SMART | D37: 36 | E37: 21.2 | F37: 23 | G37: 36 | H37: 21 | I37: 23 | J37: =(G37*H37*I37)/1000000 -> 0.017388 | K37: 1 | L37: 1 | M37: =K37*L37 -> 1 | N37: 10 | O37: 10 | P37: =N37*O37 -> 100 | Q37: =M37*P37 -> 100 | R37: 3 | S37: Aktif | X37: pcs | Y37: =R37/M37*W37 -> 0 | Z37: =(G37*H37*I37/4000)*(W37/M37) -> 0 | AA37: =(G37*H37*I37/6000)*(W37/M37) -> 0 | AB37: =(G37*H37*I37/1000000)*(W37/M37) -> 0 | AC37: =ROUNDUP(W37/M37,0) -> 0 | AD37: NHD
A38: 36 | B38: NIC1650 | C38: I.V CATHETER 16GX2"/1650 | D38: 16 | E38: 7.5 | F38: 16.5 | G38: 75 | H38: 34 | I38: 34 | J38: =(G38*H38*I38)/1000000 -> 0.0867 | K38: 50 | L38: 40 | M38: =K38*L38 -> 2000 | N38: 6 | O38: 5 | P38: =N38*O38 -> 30 | Q38: =M38*P38 -> 60000 | R38: 11.2 | S38: Aktif | X38: pcs | Y38: =R38/M38*W38 -> 0 | Z38: =(G38*H38*I38/4000)*(W38/M38) -> 0 | AA38: =(G38*H38*I38/6000)*(W38/M38) -> 0 | AB38: =(G38*H38*I38/1000000)*(W38/M38) -> 0 | AC38: =ROUNDUP(W38/M38,0) -> 0 | AD38: NHD
A39: 37 | B39: NIC1650-N-E | C39: I.V CATHETER 16GX2"/1650-N-PU | D39: 16 | E39: 7.5 | F39: 16 | G39: 75 | H39: 34 | I39: 34 | J39: =(G39*H39*I39)/1000000 -> 0.0867 | K39: 50 | L39: 40 | M39: =K39*L39 -> 2000 | N39: 6 | O39: 5 | P39: =N39*O39 -> 30 | Q39: =M39*P39 -> 60000 | R39: 11.2 | S39: Aktif | X39: pcs | Y39: =R39/M39*W39 -> 0 | Z39: =(G39*H39*I39/4000)*(W39/M39) -> 0 | AA39: =(G39*H39*I39/6000)*(W39/M39) -> 0 | AB39: =(G39*H39*I39/1000000)*(W39/M39) -> 0 | AC39: =ROUNDUP(W39/M39,0) -> 0 | AD39: NHD
A40: 38 | B40: NIC1650-N | C40: I.V CATHETER 16GX2"/1650-N-ETFE | D40: 16 | E40: 7.5 | F40: 16 | G40: 75 | H40: 34 | I40: 34 | J40: =(G40*H40*I40)/1000000 -> 0.0867 | K40: 50 | L40: 40 | M40: =K40*L40 -> 2000 | N40: 6 | O40: 5 | P40: =N40*O40 -> 30 | Q40: =M40*P40 -> 60000 | R40: 11.2 | S40: Aktif | X40: pcs | Y40: =R40/M40*W40 -> 0 | Z40: =(G40*H40*I40/4000)*(W40/M40) -> 0 | AA40: =(G40*H40*I40/6000)*(W40/M40) -> 0 | AB40: =(G40*H40*I40/1000000)*(W40/M40) -> 0 | AC40: =ROUNDUP(W40/M40,0) -> 0 | AD40: NHD
A41: 39 | B41: NIC1832 | C41: I.V CATHETER 18GX1 1/4"/1832 | D41: 16 | E41: 7.5 | F41: 16 | G41: 75 | H41: 34 | I41: 34 | J41: =(G41*H41*I41)/1000000 -> 0.0867 | K41: 50 | L41: 40 | M41: =K41*L41 -> 2000 | N41: 6 | O41: 5 | P41: =N41*O41 -> 30 | Q41: =M41*P41 -> 60000 | R41: 11.2 | S41: Aktif | X41: pcs | Y41: =R41/M41*W41 -> 0 | Z41: =(G41*H41*I41/4000)*(W41/M41) -> 0 | AA41: =(G41*H41*I41/6000)*(W41/M41) -> 0 | AB41: =(G41*H41*I41/1000000)*(W41/M41) -> 0 | AC41: =ROUNDUP(W41/M41,0) -> 0 | AD41: NHD
A42: 40 | B42: NIC1832-N | C42: I.V CATHETER 18GX1 1/4"/1832-N-PU | D42: 16 | E42: 7.5 | F42: 16 | G42: 75 | H42: 34 | I42: 34 | J42: =(G42*H42*I42)/1000000 -> 0.0867 | K42: 50 | L42: 40 | M42: =K42*L42 -> 2000 | N42: 6 | O42: 5 | P42: =N42*O42 -> 30 | Q42: =M42*P42 -> 60000 | R42: 11.2 | S42: Aktif | V42: o | X42: pcs | Y42: =R42/M42*W42 -> 0 | Z42: =(G42*H42*I42/4000)*(W42/M42) -> 0 | AA42: =(G42*H42*I42/6000)*(W42/M42) -> 0 | AB42: =(G42*H42*I42/1000000)*(W42/M42) -> 0 | AC42: =ROUNDUP(W42/M42,0) -> 0 | AD42: NHD
A43: 41 | B43: NIC1832-N-E | C43: I.V CATHETER 18GX1 1/4"/1832 ETFE | D43: 16 | E43: 7.5 | F43: 16 | G43: 75 | H43: 34 | I43: 34 | J43: =(G43*H43*I43)/1000000 -> 0.0867 | K43: 50 | L43: 40 | M43: =K43*L43 -> 2000 | N43: 6 | O43: 5 | P43: =N43*O43 -> 30 | Q43: =M43*P43 -> 60000 | R43: 11.2 | S43: Aktif | V43: o | X43: pcs | Y43: =R43/M43*W43 -> 0 | Z43: =(G43*H43*I43/4000)*(W43/M43) -> 0 | AA43: =(G43*H43*I43/6000)*(W43/M43) -> 0 | AB43: =(G43*H43*I43/1000000)*(W43/M43) -> 0 | AC43: =ROUNDUP(W43/M43,0) -> 0 | AD43: NHD
A44: 42 | B44: NIC1850 | C44: I.V CATHETER 18GX2"/1850 | D44: 16 | E44: 7.5 | F44: 16 | G44: 75 | H44: 34 | I44: 34 | J44: =(G44*H44*I44)/1000000 -> 0.0867 | K44: 50 | L44: 40 | M44: =K44*L44 -> 2000 | N44: 6 | O44: 5 | P44: =N44*O44 -> 30 | Q44: =M44*P44 -> 60000 | R44: 11.2 | S44: Aktif | X44: pcs | Y44: =R44/M44*W44 -> 0 | Z44: =(G44*H44*I44/4000)*(W44/M44) -> 0 | AA44: =(G44*H44*I44/6000)*(W44/M44) -> 0 | AB44: =(G44*H44*I44/1000000)*(W44/M44) -> 0 | AC44: =ROUNDUP(W44/M44,0) -> 0 | AD44: NHD
A45: 43 | B45: NIC1850-N | C45: I.V CATHETER 18GX2"/1850-N-PU | D45: 16 | E45: 7.5 | F45: 16 | G45: 75 | H45: 34 | I45: 34 | J45: =(G45*H45*I45)/1000000 -> 0.0867 | K45: 50 | L45: 40 | M45: =K45*L45 -> 2000 | N45: 6 | O45: 5 | P45: =N45*O45 -> 30 | Q45: =M45*P45 -> 60000 | R45: 11.2 | S45: Aktif | X45: pcs | Y45: =R45/M45*W45 -> 0 | Z45: =(G45*H45*I45/4000)*(W45/M45) -> 0 | AA45: =(G45*H45*I45/6000)*(W45/M45) -> 0 | AB45: =(G45*H45*I45/1000000)*(W45/M45) -> 0 | AC45: =ROUNDUP(W45/M45,0) -> 0 | AD45: NHD
A46: 44 | B46: NIC1850-N-E | C46: I.V CATHETER 18GX2"/1850 ETFE | D46: 16 | E46: 7.5 | F46: 16 | G46: 75 | H46: 34 | I46: 34 | J46: =(G46*H46*I46)/1000000 -> 0.0867 | K46: 50 | L46: 40 | M46: =K46*L46 -> 2000 | N46: 6 | O46: 5 | P46: =N46*O46 -> 30 | Q46: =M46*P46 -> 60000 | R46: 11.2 | S46: Aktif | X46: pcs | Y46: =R46/M46*W46 -> 0 | Z46: =(G46*H46*I46/4000)*(W46/M46) -> 0 | AA46: =(G46*H46*I46/6000)*(W46/M46) -> 0 | AB46: =(G46*H46*I46/1000000)*(W46/M46) -> 0 | AC46: =ROUNDUP(W46/M46,0) -> 0 | AD46: NHD
A47: 45 | B47: NIC2025 | C47: I.V CATHETER 20GX1"/2025 | D47: 16 | E47: 7.5 | F47: 16 | G47: 75 | H47: 34 | I47: 34 | J47: =(G47*H47*I47)/1000000 -> 0.0867 | K47: 50 | L47: 40 | M47: =K47*L47 -> 2000 | N47: 6 | O47: 5 | P47: =N47*O47 -> 30 | Q47: =M47*P47 -> 60000 | R47: 11.2 | S47: Aktif | X47: pcs | Y47: =R47/M47*W47 -> 0 | Z47: =(G47*H47*I47/4000)*(W47/M47) -> 0 | AA47: =(G47*H47*I47/6000)*(W47/M47) -> 0 | AB47: =(G47*H47*I47/1000000)*(W47/M47) -> 0 | AC47: =ROUNDUP(W47/M47,0) -> 0 | AD47: NHD
A48: 46 | B48: NIC2025-N | C48: I.V CATHETER 20GX1"/2025-N-PU | D48: 16 | E48: 7.5 | F48: 16 | G48: 75 | H48: 34 | I48: 34 | J48: =(G48*H48*I48)/1000000 -> 0.0867 | K48: 50 | L48: 40 | M48: =K48*L48 -> 2000 | N48: 6 | O48: 5 | P48: =N48*O48 -> 30 | Q48: =M48*P48 -> 60000 | R48: 11.2 | S48: Aktif | X48: pcs | Y48: =R48/M48*W48 -> 0 | Z48: =(G48*H48*I48/4000)*(W48/M48) -> 0 | AA48: =(G48*H48*I48/6000)*(W48/M48) -> 0 | AB48: =(G48*H48*I48/1000000)*(W48/M48) -> 0 | AC48: =ROUNDUP(W48/M48,0) -> 0 | AD48: NHD
A49: 47 | B49: NIC2025-N-E | C49: I.V CATHETER 20GX1"/2025 ETFE | D49: 16 | E49: 7.5 | F49: 16 | G49: 75 | H49: 34 | I49: 34 | J49: =(G49*H49*I49)/1000000 -> 0.0867 | K49: 50 | L49: 40 | M49: =K49*L49 -> 2000 | N49: 6 | O49: 5 | P49: =N49*O49 -> 30 | Q49: =M49*P49 -> 60000 | R49: 11.2 | S49: Aktif | X49: pcs | Y49: =R49/M49*W49 -> 0 | Z49: =(G49*H49*I49/4000)*(W49/M49) -> 0 | AA49: =(G49*H49*I49/6000)*(W49/M49) -> 0 | AB49: =(G49*H49*I49/1000000)*(W49/M49) -> 0 | AC49: =ROUNDUP(W49/M49,0) -> 0 | AD49: NHD
A50: 48 | B50: NIC2032 | C50: I.V CATHETER 20GX1 1/4"/2032 | D50: 16 | E50: 7.5 | F50: 16 | G50: 75 | H50: 34 | I50: 34 | J50: =(G50*H50*I50)/1000000 -> 0.0867 | K50: 50 | L50: 40 | M50: =K50*L50 -> 2000 | N50: 6 | O50: 5 | P50: =N50*O50 -> 30 | Q50: =M50*P50 -> 60000 | R50: 11.2 | S50: Aktif | X50: pcs | Y50: =R50/M50*W50 -> 0 | Z50: =(G50*H50*I50/4000)*(W50/M50) -> 0 | AA50: =(G50*H50*I50/6000)*(W50/M50) -> 0 | AB50: =(G50*H50*I50/1000000)*(W50/M50) -> 0 | AC50: =ROUNDUP(W50/M50,0) -> 0 | AD50: NHD
A51: 49 | B51: NIC2032-N-E | C51: I.V CATHETER 20GX1 1/4"/2032-N-PU | D51: 16 | E51: 7.5 | F51: 16 | G51: 75 | H51: 34 | I51: 34 | J51: =(G51*H51*I51)/1000000 -> 0.0867 | K51: 50 | L51: 40 | M51: =K51*L51 -> 2000 | N51: 6 | O51: 5 | P51: =N51*O51 -> 30 | Q51: =M51*P51 -> 60000 | R51: 11.2 | S51: Aktif | V51: o | X51: pcs | Y51: =R51/M51*W51 -> 0 | Z51: =(G51*H51*I51/4000)*(W51/M51) -> 0 | AA51: =(G51*H51*I51/6000)*(W51/M51) -> 0 | AB51: =(G51*H51*I51/1000000)*(W51/M51) -> 0 | AC51: =ROUNDUP(W51/M51,0) -> 0 | AD51: NHD
A52: 50 | B52: NIC2032-N | C52: I.V CATHETER 20GX1 1/4"/2032 ETFE | D52: 16 | E52: 7.5 | F52: 16 | G52: 75 | H52: 34 | I52: 34 | J52: =(G52*H52*I52)/1000000 -> 0.0867 | K52: 50 | L52: 40 | M52: =K52*L52 -> 2000 | N52: 6 | O52: 5 | P52: =N52*O52 -> 30 | Q52: =M52*P52 -> 60000 | R52: 11.2 | S52: Aktif | X52: pcs | Y52: =R52/M52*W52 -> 0 | Z52: =(G52*H52*I52/4000)*(W52/M52) -> 0 | AA52: =(G52*H52*I52/6000)*(W52/M52) -> 0 | AB52: =(G52*H52*I52/1000000)*(W52/M52) -> 0 | AC52: =ROUNDUP(W52/M52,0) -> 0 | AD52: NHD
A53: 51 | B53: NIC2050 | C53: I.V CATHETER 20GX2"/2050 | D53: 16 | E53: 7.5 | F53: 16 | G53: 75 | H53: 34 | I53: 34 | J53: =(G53*H53*I53)/1000000 -> 0.0867 | K53: 50 | L53: 40 | M53: =K53*L53 -> 2000 | N53: 6 | O53: 5 | P53: =N53*O53 -> 30 | Q53: =M53*P53 -> 60000 | R53: 11.2 | S53: Aktif | X53: pcs | Y53: =R53/M53*W53 -> 0 | Z53: =(G53*H53*I53/4000)*(W53/M53) -> 0 | AA53: =(G53*H53*I53/6000)*(W53/M53) -> 0 | AB53: =(G53*H53*I53/1000000)*(W53/M53) -> 0 | AC53: =ROUNDUP(W53/M53,0) -> 0 | AD53: NHD
A54: 52 | B54: NIC2050-N | C54: I.V CATHETER 20GX2"/2050-N-PU | D54: 16 | E54: 7.5 | F54: 16 | G54: 75 | H54: 34 | I54: 34 | J54: =(G54*H54*I54)/1000000 -> 0.0867 | K54: 50 | L54: 40 | M54: =K54*L54 -> 2000 | N54: 6 | O54: 5 | P54: =N54*O54 -> 30 | Q54: =M54*P54 -> 60000 | R54: 11.2 | S54: Aktif | X54: pcs | Y54: =R54/M54*W54 -> 0 | Z54: =(G54*H54*I54/4000)*(W54/M54) -> 0 | AA54: =(G54*H54*I54/6000)*(W54/M54) -> 0 | AB54: =(G54*H54*I54/1000000)*(W54/M54) -> 0 | AC54: =ROUNDUP(W54/M54,0) -> 0 | AD54: NHD
A55: 53 | B55: NIC2225 | C55: I.V CATHETER 22GX1"/2225 | D55: 16 | E55: 7.5 | F55: 16 | G55: 75 | H55: 34 | I55: 34 | J55: =(G55*H55*I55)/1000000 -> 0.0867 | K55: 50 | L55: 40 | M55: =K55*L55 -> 2000 | N55: 6 | O55: 5 | P55: =N55*O55 -> 30 | Q55: =M55*P55 -> 60000 | R55: 11.2 | S55: Aktif | X55: pcs | Y55: =R55/M55*W55 -> 0 | Z55: =(G55*H55*I55/4000)*(W55/M55) -> 0 | AA55: =(G55*H55*I55/6000)*(W55/M55) -> 0 | AB55: =(G55*H55*I55/1000000)*(W55/M55) -> 0 | AC55: =ROUNDUP(W55/M55,0) -> 0 | AD55: NHD
A56: 54 | B56: NIC2225-N | C56: I.V CATHETER 22GX1"/2225-N-PU | D56: 16 | E56: 7.5 | F56: 16 | G56: 75 | H56: 34 | I56: 34 | J56: =(G56*H56*I56)/1000000 -> 0.0867 | K56: 50 | L56: 40 | M56: =K56*L56 -> 2000 | N56: 6 | O56: 5 | P56: =N56*O56 -> 30 | Q56: =M56*P56 -> 60000 | R56: 11.2 | S56: Aktif | V56: o | X56: pcs | Y56: =R56/M56*W56 -> 0 | Z56: =(G56*H56*I56/4000)*(W56/M56) -> 0 | AA56: =(G56*H56*I56/6000)*(W56/M56) -> 0 | AB56: =(G56*H56*I56/1000000)*(W56/M56) -> 0 | AC56: =ROUNDUP(W56/M56,0) -> 0 | AD56: NHD
A57: 55 | B57: NIC2225-N-E | C57: I.V CATHETER 22GX1"/2225 ETFE | D57: 16 | E57: 7.5 | F57: 16 | G57: 75 | H57: 34 | I57: 34 | J57: =(G57*H57*I57)/1000000 -> 0.0867 | K57: 50 | L57: 40 | M57: =K57*L57 -> 2000 | N57: 6 | O57: 5 | P57: =N57*O57 -> 30 | Q57: =M57*P57 -> 60000 | R57: 11.2 | S57: Aktif | X57: pcs | Y57: =R57/M57*W57 -> 0 | Z57: =(G57*H57*I57/4000)*(W57/M57) -> 0 | AA57: =(G57*H57*I57/6000)*(W57/M57) -> 0 | AB57: =(G57*H57*I57/1000000)*(W57/M57) -> 0 | AC57: =ROUNDUP(W57/M57,0) -> 0 | AD57: NHD
A58: 56 | B58: NIC2420 | C58: I.V CATHETER 24GX3/4"/2420 | D58: 16 | E58: 7.5 | F58: 16 | G58: 75 | H58: 34 | I58: 34 | J58: =(G58*H58*I58)/1000000 -> 0.0867 | K58: 50 | L58: 40 | M58: =K58*L58 -> 2000 | N58: 6 | O58: 5 | P58: =N58*O58 -> 30 | Q58: =M58*P58 -> 60000 | R58: 11.2 | S58: Aktif | X58: pcs | Y58: =R58/M58*W58 -> 0 | Z58: =(G58*H58*I58/4000)*(W58/M58) -> 0 | AA58: =(G58*H58*I58/6000)*(W58/M58) -> 0 | AB58: =(G58*H58*I58/1000000)*(W58/M58) -> 0 | AC58: =ROUNDUP(W58/M58,0) -> 0 | AD58: NHD
A59: 57 | B59: NIC2420-N | C59: I.V CATHETER 24GX3/4"/2420-N-PU | D59: 16 | E59: 7.5 | F59: 16 | G59: 75 | H59: 34 | I59: 34 | J59: =(G59*H59*I59)/1000000 -> 0.0867 | K59: 50 | L59: 40 | M59: =K59*L59 -> 2000 | N59: 6 | O59: 5 | P59: =N59*O59 -> 30 | Q59: =M59*P59 -> 60000 | R59: 11.2 | S59: Aktif | X59: pcs | Y59: =R59/M59*W59 -> 0 | Z59: =(G59*H59*I59/4000)*(W59/M59) -> 0 | AA59: =(G59*H59*I59/6000)*(W59/M59) -> 0 | AB59: =(G59*H59*I59/1000000)*(W59/M59) -> 0 | AC59: =ROUNDUP(W59/M59,0) -> 0 | AD59: NHD
A60: 58 | B60: NIC2420-N-E | C60: I.V CATHETER 24GX3/4"/2420 ETFE | D60: 16 | E60: 7.5 | F60: 16 | G60: 75 | H60: 34 | I60: 34 | J60: =(G60*H60*I60)/1000000 -> 0.0867 | K60: 50 | L60: 40 | M60: =K60*L60 -> 2000 | N60: 6 | O60: 5 | P60: =N60*O60 -> 30 | Q60: =M60*P60 -> 60000 | R60: 11.2 | S60: Aktif | X60: pcs | Y60: =R60/M60*W60 -> 0 | Z60: =(G60*H60*I60/4000)*(W60/M60) -> 0 | AA60: =(G60*H60*I60/6000)*(W60/M60) -> 0 | AB60: =(G60*H60*I60/1000000)*(W60/M60) -> 0 | AC60: =ROUNDUP(W60/M60,0) -> 0 | AD60: NHD
A61: 59 | B61: NIC2425 | C61: I.V CATHETER 24GX1"/2425 | D61: 16 | E61: 7.5 | F61: 16 | G61: 75 | H61: 34 | I61: 34 | J61: =(G61*H61*I61)/1000000 -> 0.0867 | K61: 50 | L61: 40 | M61: =K61*L61 -> 2000 | N61: 6 | O61: 5 | P61: =N61*O61 -> 30 | Q61: =M61*P61 -> 60000 | R61: 11.2 | S61: Aktif | X61: pcs | Y61: =R61/M61*W61 -> 0 | Z61: =(G61*H61*I61/4000)*(W61/M61) -> 0 | AA61: =(G61*H61*I61/6000)*(W61/M61) -> 0 | AB61: =(G61*H61*I61/1000000)*(W61/M61) -> 0 | AC61: =ROUNDUP(W61/M61,0) -> 0 | AD61: NHD
A62: 60 | B62: NIC2425-N | C62: I.V CATHETER 24GX1"/2425-N-PU | D62: 16 | E62: 7.5 | F62: 16 | G62: 75 | H62: 34 | I62: 34 | J62: =(G62*H62*I62)/1000000 -> 0.0867 | K62: 50 | L62: 40 | M62: =K62*L62 -> 2000 | N62: 6 | O62: 5 | P62: =N62*O62 -> 30 | Q62: =M62*P62 -> 60000 | R62: 11.2 | S62: Aktif | X62: pcs | Y62: =R62/M62*W62 -> 0 | Z62: =(G62*H62*I62/4000)*(W62/M62) -> 0 | AA62: =(G62*H62*I62/6000)*(W62/M62) -> 0 | AB62: =(G62*H62*I62/1000000)*(W62/M62) -> 0 | AC62: =ROUNDUP(W62/M62,0) -> 0 | AD62: NHD
A63: 61 | B63: NIC2425-N-E | C63: I.V CATHETER 24GX1"/2425 ETFE | D63: 16 | E63: 7.5 | F63: 16 | G63: 75 | H63: 34 | I63: 34 | J63: =(G63*H63*I63)/1000000 -> 0.0867 | K63: 50 | L63: 40 | M63: =K63*L63 -> 2000 | N63: 6 | O63: 5 | P63: =N63*O63 -> 30 | Q63: =M63*P63 -> 60000 | R63: 11.2 | S63: Aktif | X63: pcs | Y63: =R63/M63*W63 -> 0 | Z63: =(G63*H63*I63/4000)*(W63/M63) -> 0 | AA63: =(G63*H63*I63/6000)*(W63/M63) -> 0 | AB63: =(G63*H63*I63/1000000)*(W63/M63) -> 0 | AC63: =ROUNDUP(W63/M63,0) -> 0 | AD63: NHD
A64: 62 | B64: W-CATH-1832 | C64: WING CATHETER 18GX1 1/4"/1832 | D64: 18.5 | E64: 10.5 | F64: 15.5 | G64: 53 | H64: 39 | I64: 34 | J64: =(G64*H64*I64)/1000000 -> 0.070278 | K64: 50 | L64: 20 | M64: =K64*L64 -> 1000 | N64: 6 | O64: 5 | P64: =N64*O64 -> 30 | Q64: =M64*P64 -> 30000 | R64: 6.3 | S64: Aktif | X64: pcs | Y64: =R64/M64*W64 -> 0 | Z64: =(G64*H64*I64/4000)*(W64/M64) -> 0 | AA64: =(G64*H64*I64/6000)*(W64/M64) -> 0 | AB64: =(G64*H64*I64/1000000)*(W64/M64) -> 0 | AC64: =ROUNDUP(W64/M64,0) -> 0 | AD64: NHD
A65: 63 | B65: W-CATH-1832-N | C65: WING CATHETER 18GX1 1/4"/1832-N-PU | D65: 18.5 | E65: 10.5 | F65: 15.5 | G65: 53 | H65: 39 | I65: 34 | J65: =(G65*H65*I65)/1000000 -> 0.070278 | K65: 50 | L65: 20 | M65: =K65*L65 -> 1000 | N65: 6 | O65: 5 | P65: =N65*O65 -> 30 | Q65: =M65*P65 -> 30000 | R65: 6.3 | S65: Aktif | X65: pcs | Y65: =R65/M65*W65 -> 0 | Z65: =(G65*H65*I65/4000)*(W65/M65) -> 0 | AA65: =(G65*H65*I65/6000)*(W65/M65) -> 0 | AB65: =(G65*H65*I65/1000000)*(W65/M65) -> 0 | AC65: =ROUNDUP(W65/M65,0) -> 0 | AD65: NHD
A66: 64 | B66: W-CATH-1832-N-E | C66: WING CATHETER 18GX1 1/4"/1832 ETFE | D66: 18.5 | E66: 10.5 | F66: 15.5 | G66: 53 | H66: 39 | I66: 34 | J66: =(G66*H66*I66)/1000000 -> 0.070278 | K66: 50 | L66: 20 | M66: =K66*L66 -> 1000 | N66: 6 | O66: 5 | P66: =N66*O66 -> 30 | Q66: =M66*P66 -> 30000 | R66: 6.3 | S66: Aktif | X66: pcs | Y66: =R66/M66*W66 -> 0 | Z66: =(G66*H66*I66/4000)*(W66/M66) -> 0 | AA66: =(G66*H66*I66/6000)*(W66/M66) -> 0 | AB66: =(G66*H66*I66/1000000)*(W66/M66) -> 0 | AC66: =ROUNDUP(W66/M66,0) -> 0 | AD66: NHD
A67: 65 | B67: W-CATH-2032 | C67: WING CATHETER 20GX1 1/4"/2032 | D67: 18.5 | E67: 10.5 | F67: 15.5 | G67: 53 | H67: 39 | I67: 34 | J67: =(G67*H67*I67)/1000000 -> 0.070278 | K67: 50 | L67: 20 | M67: =K67*L67 -> 1000 | N67: 6 | O67: 5 | P67: =N67*O67 -> 30 | Q67: =M67*P67 -> 30000 | R67: 6.3 | S67: Aktif | X67: pcs | Y67: =R67/M67*W67 -> 0 | Z67: =(G67*H67*I67/4000)*(W67/M67) -> 0 | AA67: =(G67*H67*I67/6000)*(W67/M67) -> 0 | AB67: =(G67*H67*I67/1000000)*(W67/M67) -> 0 | AC67: =ROUNDUP(W67/M67,0) -> 0 | AD67: NHD
A68: 66 | B68: W-CATH-2032-N | C68: WING CATHETER 20GX1 1/4"/2032 | D68: 18.5 | E68: 10.5 | F68: 15.5 | G68: 53 | H68: 39 | I68: 34 | J68: =(G68*H68*I68)/1000000 -> 0.070278 | K68: 50 | L68: 20 | M68: =K68*L68 -> 1000 | N68: 6 | O68: 5 | P68: =N68*O68 -> 30 | Q68: =M68*P68 -> 30000 | R68: 6.3 | S68: Aktif | X68: pcs | Y68: =R68/M68*W68 -> 0 | Z68: =(G68*H68*I68/4000)*(W68/M68) -> 0 | AA68: =(G68*H68*I68/6000)*(W68/M68) -> 0 | AB68: =(G68*H68*I68/1000000)*(W68/M68) -> 0 | AC68: =ROUNDUP(W68/M68,0) -> 0 | AD68: NHD
... A75: 73 | B75: W-CATH-2425-N-E | C75: WING CATHETER 24G x 1 ETFE" | D75: 18.5 | E75: 10.5 | F75: 15.5 | G75: 53 | H75: 39 | I75: 34 | J75: =(G75*H75*I75)/1000000 -> 0.070278 | K75: 50 | L75: 20 | M75: =K75*L75 -> 1000 | N75: 6 | O75: 5 | P75: =N75*O75 -> 30 | Q75: =M75*P75 -> 30000 | R75: 6.3 | S75: Aktif | X75: pcs | Y75: =R75/M75*W75 -> 0 | Z75: =(G75*H75*I75/4000)*(W75/M75) -> 0 | AA75: =(G75*H75*I75/6000)*(W75/M75) -> 0 | AB75: =(G75*H75*I75/1000000)*(W75/M75) -> 0 | AC75: =ROUNDUP(W75/M75,0) -> 0 | AD75: NHD
A76: 74 | B76: PD225W-DT-PDA | C76: Direct Thermal Printer PD225W-DT-PDA 6.5 INCH | J76: =(G76*H76*I76)/1000000 -> 0 | M76: =K76*L76 -> 0 | P76: =N76*O76 -> 0 | Q76: =M76*P76 -> 0 | S76: Non Aktif | X76: Unit | Y76: =R76/M76*W76 -> #DIV/0! | Z76: =(G76*H76*I76/4000)*(W76/M76) -> #DIV/0! | AA76: =(G76*H76*I76/6000)*(W76/M76) -> #DIV/0! | AB76: =(G76*H76*I76/1000000)*(W76/M76) -> #DIV/0! | AC76: =ROUNDUP(W76/M76,0) -> #DIV/0! | AD76: NHD
A77: 75 | B77: IA-N-3500 | C77: IDENT ALERT IA-N-3500 ALLERGY RED | D77: 7 | E77: 7 | F77: 1 | G77: 45.5 | H77: 30.5 | I77: 24 | J77: =(G77*H77*I77)/1000000 -> 0.033306 | K77: 1 | L77: 300 | M77: =K77*L77 -> 300 | P77: =N77*O77 -> 0 | Q77: =M77*P77 -> 0 | R77: 0.4 | S77: Aktif | T77: Stok tidak ada per Carton | X77: roll | Y77: =R77/M77*W77 -> 0 | Z77: =(G77*H77*I77/4000)*(W77/M77) -> 0 | AA77: =(G77*H77*I77/6000)*(W77/M77) -> 0 | AB77: =(G77*H77*I77/1000000)*(W77/M77) -> 0 | AC77: =ROUNDUP(W77/M77,0) -> 0 | AD77: NHD
A78: 76 | B78: 7023Stc PDM-13-BLUE | C78: Thermal Wristband 7023S-13-PDM BLUE | D78: 40 | E78: 20 | F78: 5.3 | G78: 60 | H78: 42 | I78: 36.5 | J78: =(G78*H78*I78)/1000000 -> 0.09198 | K78: 500 | L78: 18 | M78: =K78*L78 -> 9000 | N78: 5 | O78: 4 | P78: =N78*O78 -> 20 | Q78: =M78*P78 -> 180000 | R78: 19.1 | S78: Aktif | X78: pcs | Y78: =R78/M78*W78 -> 0 | Z78: =(G78*H78*I78/4000)*(W78/M78) -> 0 | AA78: =(G78*H78*I78/6000)*(W78/M78) -> 0 | AB78: =(G78*H78*I78/1000000)*(W78/M78) -> 0 | AC78: =ROUNDUP(W78/M78,0) -> 0 | AD78: NHD
A79: 77 | B79: IA-N-3503 | C79: IDENT ALERT IA-N-3503 FALL RISK YELLOW | D79: 7 | E79: 7 | F79: 1 | G79: 39 | H79: 39 | I79: 21 | J79: =(G79*H79*I79)/1000000 -> 0.031941 | K79: 1 | L79: 250 | M79: =K79*L79 -> 250 | P79: =N79*O79 -> 0 | Q79: =M79*P79 -> 0 | R79: 0.4 | S79: Aktif | T79: Stok tidak ada per Carton | X79: roll | Y79: =R79/M79*W79 -> 0 | Z79: =(G79*H79*I79/4000)*(W79/M79) -> 0 | AA79: =(G79*H79*I79/6000)*(W79/M79) -> 0 | AB79: =(G79*H79*I79/1000000)*(W79/M79) -> 0 | AC79: =ROUNDUP(W79/M79,0) -> 0 | AD79: NHD
A80: 78 | B80: IA-N-3504 | C80: IDENT ALERT - GREEN | D80: 7 | E80: 7 | F80: 1.5 | G80: 39 | H80: 39 | I80: 21 | J80: =(G80*H80*I80)/1000000 -> 0.031941 | K80: 1 | L80: 250 | M80: =K80*L80 -> 250 | P80: =N80*O80 -> 0 | Q80: =M80*P80 -> 0 | R80: 0.4 | S80: Aktif | T80: Stok tidak ada per Carton | Y80: =R80/M80*W80 -> 0 | Z80: =(G80*H80*I80/4000)*(W80/M80) -> 0 | AA80: =(G80*H80*I80/6000)*(W80/M80) -> 0 | AB80: =(G80*H80*I80/1000000)*(W80/M80) -> 0 | AC80: =ROUNDUP(W80/M80,0) -> 0 | AD80: NHD
A81: 79 | B81: IA-N-3505 | C81: IDENT ALERT IA-N-3505 LIMB ALERT PINK | D81: 7 | E81: 7 | F81: 1 | G81: 45.5 | H81: 30.5 | I81: 24 | J81: =(G81*H81*I81)/1000000 -> 0.033306 | K81: 1 | L81: 300 | M81: =K81*L81 -> 300 | P81: =N81*O81 -> 0 | Q81: =M81*P81 -> 0 | R81: 0.4 | S81: Aktif | T81: Stok tidak ada per Carton | Y81: =R81/M81*W81 -> 0 | Z81: =(G81*H81*I81/4000)*(W81/M81) -> 0 | AA81: =(G81*H81*I81/6000)*(W81/M81) -> 0 | AB81: =(G81*H81*I81/1000000)*(W81/M81) -> 0 | AC81: =ROUNDUP(W81/M81,0) -> 0 | AD81: NHD
A82: 80 | B82: AVF1625-HC-N | C82: A.V.FISTULA 16G X 1"/1625-HC-30W-N | D82: 42 | E82: 11 | F82: 14 | G82: 58 | H82: 43 | I82: 30 | J82: =(G82*H82*I82)/1000000 -> 0.07482 | K82: 50 | L82: 10 | M82: =K82*L82 -> 500 | N82: 4 | O82: 6 | P82: =N82*O82 -> 24 | Q82: =M82*P82 -> 12000 | R82: 8.5 | S82: Aktif | X82: pcs | Y82: =R82/M82*W82 -> 0 | Z82: =(G82*H82*I82/4000)*(W82/M82) -> 0 | AA82: =(G82*H82*I82/6000)*(W82/M82) -> 0 | AB82: =(G82*H82*I82/1000000)*(W82/M82) -> 0 | AC82: =ROUNDUP(W82/M82,0) -> 0 | AD82: HD
A83: 81 | B83: AVF1632-HC-N | C83: A.V.FISTULA 16G X 1 1/4"/1632-HC-30W-N | D83: 42 | E83: 11 | F83: 14 | G83: 58 | H83: 43 | I83: 30 | J83: =(G83*H83*I83)/1000000 -> 0.07482 | K83: 50 | L83: 10 | M83: =K83*L83 -> 500 | N83: 4 | O83: 6 | P83: =N83*O83 -> 24 | Q83: =M83*P83 -> 12000 | R83: 8.5 | S83: Aktif | X83: pcs | Y83: =R83/M83*W83 -> 0 | Z83: =(G83*H83*I83/4000)*(W83/M83) -> 0 | AA83: =(G83*H83*I83/6000)*(W83/M83) -> 0 | AB83: =(G83*H83*I83/1000000)*(W83/M83) -> 0 | AC83: =ROUNDUP(W83/M83,0) -> 0 | AD83: HD
A84: 82 | B84: LDT-2.1W | C84: LABEL DIRECT THERMAL 2 x 1" WHITE | D84: 8.5 | E84: 8.5 | F84: 5.5 | G84: 31 | H84: 16 | I84: 16.5 | J84: =(G84*H84*I84)/1000000 -> 0.008184 | K84: 1 | L84: 8 | M84: =K84*L84 -> 8 | N84: 21 | O84: 6 | P84: =N84*O84 -> 126 | Q84: =M84*P84 -> 1008 | R84: 2.3 | S84: Aktif | X84: roll | Y84: =R84/M84*W84 -> 0 | Z84: =(G84*H84*I84/4000)*(W84/M84) -> 0 | AA84: =(G84*H84*I84/6000)*(W84/M84) -> 0 | AB84: =(G84*H84*I84/1000000)*(W84/M84) -> 0 | AC84: =ROUNDUP(W84/M84,0) -> 0 | AD84: NHD
A85: 83 | B85: LDT-2.2-3-8B | C85: LABEL DIRECT THERMAL 2 x 2-3/8" BLUE | D85: 16 | E85: 16 | F85: 5.5 | G85: 39 | H85: 39 | I85: 19 | J85: =(G85*H85*I85)/1000000 -> 0.028899 | K85: 1 | L85: 12 | M85: =K85*L85 -> 12 | N85: 9 | O85: 7 | P85: =N85*O85 -> 63 | Q85: =M85*P85 -> 756 | R85: 13.2 | S85: Aktif | Y85: =R85/M85*W85 -> 0 | Z85: =(G85*H85*I85/4000)*(W85/M85) -> 0 | AA85: =(G85*H85*I85/6000)*(W85/M85) -> 0 | AB85: =(G85*H85*I85/1000000)*(W85/M85) -> 0 | AC85: =ROUNDUP(W85/M85,0) -> 0 | AD85: NHD
A86: 84 | B86: LDT-2.2-3-8W | C86: LABEL DIRECT THERMAL 2 x 2-3/8" WHITE | D86: 16 | E86: 16 | F86: 5.5 | G86: 39 | H86: 39 | I86: 19 | J86: =(G86*H86*I86)/1000000 -> 0.028899 | K86: 1 | L86: 12 | M86: =K86*L86 -> 12 | N86: 9 | O86: 7 | P86: =N86*O86 -> 63 | Q86: =M86*P86 -> 756 | R86: 13.2 | S86: Aktif | X86: roll | Y86: =R86/M86*W86 -> 0 | Z86: =(G86*H86*I86/4000)*(W86/M86) -> 0 | AA86: =(G86*H86*I86/6000)*(W86/M86) -> 0 | AB86: =(G86*H86*I86/1000000)*(W86/M86) -> 0 | AC86: =ROUNDUP(W86/M86,0) -> 0 | AD86: NHD
A87: 85 | B87: LDT-2.4W | C87: LABEL DIRECT THERMAL 2 x 4" WHITE | D87: 14.5 | E87: 14.5 | F87: 5.5 | G87: 36 | H87: 36.5 | I87: 19 | J87: =(G87*H87*I87)/1000000 -> 0.024966 | K87: 1 | L87: 12 | M87: =K87*L87 -> 12 | N87: 9 | O87: 6 | P87: =N87*O87 -> 54 | Q87: =M87*P87 -> 648 | R87: 10.7 | S87: Aktif | X87: roll | Y87: =R87/M87*W87 -> 0 | Z87: =(G87*H87*I87/4000)*(W87/M87) -> 0 | AA87: =(G87*H87*I87/6000)*(W87/M87) -> 0 | AB87: =(G87*H87*I87/1000000)*(W87/M87) -> 0 | AC87: =ROUNDUP(W87/M87,0) -> 0 | AD87: NHD
A88: 86 | B88: 7022 PDM-11-WHITE | C88: Gelang Pasien/Thermal Wristband 7022 PDM-11 white | D88: 30 | E88: 15 | F88: 4 | G88: 46 | H88: 30 | I88: 41 | J88: =(G88*H88*I88)/1000000 -> 0.05658 | K88: 500 | L88: 30 | M88: =K88*L88 -> 15000 | N88: 8 | O88: 3 | P88: =N88*O88 -> 24 | Q88: =M88*P88 -> 360000 | R88: 17.6 | S88: Aktif | Y88: =R88/M88*W88 -> 0 | Z88: =(G88*H88*I88/4000)*(W88/M88) -> 0 | AA88: =(G88*H88*I88/6000)*(W88/M88) -> 0 | AB88: =(G88*H88*I88/1000000)*(W88/M88) -> 0 | AC88: =ROUNDUP(W88/M88,0) -> 0 | AD88: NHD
A89: 87 | B89: 7022 PDM-12-PINK | C89: Thermal Wristband 7022-12-PDM PINK | D89: 30 | E89: 15 | F89: 4 | G89: 46 | H89: 30 | I89: 41 | J89: =(G89*H89*I89)/1000000 -> 0.05658 | K89: 500 | L89: 30 | M89: =K89*L89 -> 15000 | N89: 8 | O89: 3 | P89: =N89*O89 -> 24 | Q89: =M89*P89 -> 360000 | R89: 17.6 | S89: Aktif | X89: pcs | Y89: =R89/M89*W89 -> 0 | Z89: =(G89*H89*I89/4000)*(W89/M89) -> 0 | AA89: =(G89*H89*I89/6000)*(W89/M89) -> 0 | AB89: =(G89*H89*I89/1000000)*(W89/M89) -> 0 | AC89: =ROUNDUP(W89/M89,0) -> 0 | AD89: NHD
A90: 88 | B90: 7022 PDM-13-BLUE | C90: Thermal Wristband 7022-13-PDM BLUE | D90: 30 | E90: 15 | F90: 4 | G90: 46 | H90: 30 | I90: 41 | J90: =(G90*H90*I90)/1000000 -> 0.05658 | K90: 500 | L90: 30 | M90: =K90*L90 -> 15000 | N90: 8 | O90: 3 | P90: =N90*O90 -> 24 | Q90: =M90*P90 -> 360000 | R90: 17.6 | S90: Aktif | Y90: =R90/M90*W90 -> 0 | Z90: =(G90*H90*I90/4000)*(W90/M90) -> 0 | AA90: =(G90*H90*I90/6000)*(W90/M90) -> 0 | AB90: =(G90*H90*I90/1000000)*(W90/M90) -> 0 | AC90: =ROUNDUP(W90/M90,0) -> 0 | AD90: NHD
A91: 89 | B91: 7022 PDM-14-YELLOW | C91: Gelang Pasien/Thermal Wristband 7022 PDM-14 yellow | D91: 30 | E91: 15 | F91: 4 | G91: 46 | H91: 30 | I91: 41 | J91: =(G91*H91*I91)/1000000 -> 0.05658 | K91: 500 | L91: 30 | M91: =K91*L91 -> 15000 | N91: 8 | O91: 3 | P91: =N91*O91 -> 24 | Q91: =M91*P91 -> 360000 | R91: 17.6 | S91: Aktif | Y91: =R91/M91*W91 -> 0 | Z91: =(G91*H91*I91/4000)*(W91/M91) -> 0 | AA91: =(G91*H91*I91/6000)*(W91/M91) -> 0 | AB91: =(G91*H91*I91/1000000)*(W91/M91) -> 0 | AC91: =ROUNDUP(W91/M91,0) -> 0 | AD91: NHD
A92: 90 | B92: 7022V PDM-12-PINK | C92: Thermal Wristband 7022V-12-PDM PINK | D92: 30 | E92: 15 | F92: 4 | G92: 46 | H92: 30 | I92: 41 | J92: =(G92*H92*I92)/1000000 -> 0.05658 | K92: 500 | L92: 30 | M92: =K92*L92 -> 15000 | N92: 8 | O92: 3 | P92: =N92*O92 -> 24 | Q92: =M92*P92 -> 360000 | R92: 17.6 | S92: Aktif | X92: pcs | Y92: =R92/M92*W92 -> 0 | Z92: =(G92*H92*I92/4000)*(W92/M92) -> 0 | AA92: =(G92*H92*I92/6000)*(W92/M92) -> 0 | AB92: =(G92*H92*I92/1000000)*(W92/M92) -> 0 | AC92: =ROUNDUP(W92/M92,0) -> 0 | AD92: NHD
A93: 91 | B93: 7022V PDM-13-BLUE | C93: Thermal Wristband 7022V-13-PDM BLUE | D93: 30 | E93: 15 | F93: 4 | G93: 46 | H93: 30 | I93: 41 | J93: =(G93*H93*I93)/1000000 -> 0.05658 | K93: 500 | L93: 30 | M93: =K93*L93 -> 15000 | N93: 8 | O93: 3 | P93: =N93*O93 -> 24 | Q93: =M93*P93 -> 360000 | R93: 17.6 | S93: Aktif | X93: pcs | Y93: =R93/M93*W93 -> 0 | Z93: =(G93*H93*I93/4000)*(W93/M93) -> 0 | AA93: =(G93*H93*I93/6000)*(W93/M93) -> 0 | AB93: =(G93*H93*I93/1000000)*(W93/M93) -> 0 | AC93: =ROUNDUP(W93/M93,0) -> 0 | AD93: NHD
A94: 92 | B94: 7023S PDM-11-WHITE | C94: Gelang Pasien/Thermal Wristband 7023S PDM-11 white | D94: 40 | E94: 20 | F94: 5.3 | G94: 60 | H94: 42 | I94: 36.5 | J94: =(G94*H94*I94)/1000000 -> 0.09198 | K94: 500 | L94: 18 | M94: =K94*L94 -> 9000 | N94: 5 | O94: 4 | P94: =N94*O94 -> 20 | Q94: =M94*P94 -> 180000 | R94: 19.1 | S94: Aktif | Y94: =R94/M94*W94 -> 0 | Z94: =(G94*H94*I94/4000)*(W94/M94) -> 0 | AA94: =(G94*H94*I94/6000)*(W94/M94) -> 0 | AB94: =(G94*H94*I94/1000000)*(W94/M94) -> 0 | AC94: =ROUNDUP(W94/M94,0) -> 0 | AD94: NHD
A95: 93 | B95: DS10L2138R-N | C95: DISP.SYRINGE 10ML LUER LOCK with NEEDLE 21Gx1 1/2" | D95: 24 | E95: 20 | F95: 21.5 | G95: 81 | H95: 51 | I95: 24.5 | J95: =(G95*H95*I95)/1000000 -> 0.1012095 | K95: 100 | L95: 8 | M95: 1000 | N95: 3 | O95: 5 | P95: =N95*O95 -> 15 | Q95: =M95*P95 -> 15000 | R95: 14.47 | S95: Aktif | X95: pcs | Y95: =R95/M95*W95 -> 0 | Z95: =(G95*H95*I95/4000)*(W95/M95) -> 0 | AA95: =(G95*H95*I95/6000)*(W95/M95) -> 0 | AB95: =(G95*H95*I95/1000000)*(W95/M95) -> 0 | AC95: =ROUNDUP(W95/M95,0) -> 0 | AD95: NHD
A96: 94 | B96: ELISIO1-15H | C96: ELISIO-15H (HOLLOW FIBER/DIALYZER ELISIO-15H) | D96: 43 | E96: 16 | F96: 8 | G96: 52 | H96: 36 | I96: 23 | J96: =(G96*H96*I96)/1000000 -> 0.043056 | K96: 24 | L96: 1 | M96: =K96*L96 -> 24 | N96: 8 | O96: 5 | P96: =N96*O96 -> 40 | Q96: =M96*P96 -> 960 | R96: 4.9 | S96: Aktif | X96: pcs | Y96: =R96/M96*W96 -> 0 | Z96: =(G96*H96*I96/4000)*(W96/M96) -> 0 | AA96: =(G96*H96*I96/6000)*(W96/M96) -> 0 | AB96: =(G96*H96*I96/1000000)*(W96/M96) -> 0 | AC96: =ROUNDUP(W96/M96,0) -> 0 | AD96: HD
A97: 95 | B97: ELISIO-15HX | C97: ELISIO-15HX (HOLLOW FIBER/DIALYZER ELISIO-15HX) | D97: 43 | E97: 16 | F97: 8 | G97: 52 | H97: 36 | I97: 23 | J97: =(G97*H97*I97)/1000000 -> 0.043056 | K97: 24 | L97: 1 | M97: =K97*L97 -> 24 | N97: 8 | O97: 5 | P97: =N97*O97 -> 40 | Q97: =M97*P97 -> 960 | R97: 4.9 | S97: Aktif | X97: pcs | Y97: =R97/M97*W97 -> 0 | Z97: =(G97*H97*I97/4000)*(W97/M97) -> 0 | AA97: =(G97*H97*I97/6000)*(W97/M97) -> 0 | AB97: =(G97*H97*I97/1000000)*(W97/M97) -> 0 | AC97: =ROUNDUP(W97/M97,0) -> 0 | AD97: HD
A98: 96 | B98: 7023S PDM-16-RED | C98: Thermal Wristband 7023S-16-PDM RED | D98: 40 | E98: 20 | F98: 5.3 | G98: 60 | H98: 42 | I98: 36.5 | J98: =(G98*H98*I98)/1000000 -> 0.09198 | K98: 500 | L98: 18 | M98: =K98*L98 -> 9000 | N98: 5 | O98: 4 | P98: =N98*O98 -> 20 | Q98: =M98*P98 -> 180000 | R98: 19.1 | S98: Aktif | Y98: =R98/M98*W98 -> 0 | Z98: =(G98*H98*I98/4000)*(W98/M98) -> 0 | AA98: =(G98*H98*I98/6000)*(W98/M98) -> 0 | AB98: =(G98*H98*I98/1000000)*(W98/M98) -> 0 | AC98: =ROUNDUP(W98/M98,0) -> 0 | AD98: NHD
A99: 97 | B99: 7041S PDM-11-WHITE | C99: Gelang Pasien/Thermal Wristband 7041S PDM-11 white | D99: 38 | E99: 18.5 | F99: 5 | G99: 60 | H99: 42 | I99: 36.5 | J99: =(G99*H99*I99)/1000000 -> 0.09198 | K99: 500 | L99: 18 | M99: =K99*L99 -> 9000 | N99: 5 | O99: 4 | P99: =N99*O99 -> 20 | Q99: =M99*P99 -> 180000 | R99: 19.1 | S99: Aktif | Y99: =R99/M99*W99 -> 0 | Z99: =(G99*H99*I99/4000)*(W99/M99) -> 0 | AA99: =(G99*H99*I99/6000)*(W99/M99) -> 0 | AB99: =(G99*H99*I99/1000000)*(W99/M99) -> 0 | AC99: =ROUNDUP(W99/M99,0) -> 0 | AD99: NHD
A100: 98 | B100: 7041S PDM-13-BLUE | C100: Gelang Pasien/Thermal Wristband 7041S PDM-13 blue | D100: 38 | E100: 18.5 | F100: 5 | G100: 60 | H100: 42 | I100: 36.5 | J100: =(G100*H100*I100)/1000000 -> 0.09198 | K100: 500 | L100: 18 | M100: =K100*L100 -> 9000 | N100: 5 | O100: 4 | P100: =N100*O100 -> 20 | Q100: =M100*P100 -> 180000 | R100: 19.1 | S100: Aktif | Y100: =R100/M100*W100 -> 0 | Z100: =(G100*H100*I100/4000)*(W100/M100) -> 0 | AA100: =(G100*H100*I100/6000)*(W100/M100) -> 0 | AB100: =(G100*H100*I100/1000000)*(W100/M100) -> 0 | AC100: =ROUNDUP(W100/M100,0) -> 0 | AD100: NHD
A101: 99 | B101: 7041S PDM-16-RED | C101: Gelang Pasien/Thermal Wristband 7041S PDM-16 red | D101: 38 | E101: 18.5 | F101: 5 | G101: 60 | H101: 36.5 | I101: 36.5 | J101: =(G101*H101*I101)/1000000 -> 0.079935 | K101: 500 | L101: 18 | M101: =K101*L101 -> 9000 | N101: 5 | O101: 4 | P101: =N101*O101 -> 20 | Q101: =M101*P101 -> 180000 | R101: 19.1 | S101: Aktif | Y101: =R101/M101*W101 -> 0 | Z101: =(G101*H101*I101/4000)*(W101/M101) -> 0 | AA101: =(G101*H101*I101/6000)*(W101/M101) -> 0 | AB101: =(G101*H101*I101/1000000)*(W101/M101) -> 0 | AC101: =ROUNDUP(W101/M101,0) -> 0 | AD101: NHD
A102: 100 | B102: 7042 PDM-11-WHITE | C102: Gelang Pasien/Thermal Wristband 7042 PDM-11 white | D102: 38 | E102: 18.5 | F102: 5 | G102: 60 | H102: 36.5 | I102: 36.5 | J102: =(G102*H102*I102)/1000000 -> 0.079935 | K102: 500 | L102: 18 | M102: =K102*L102 -> 9000 | N102: 5 | O102: 4 | P102: =N102*O102 -> 20 | Q102: =M102*P102 -> 180000 | R102: 19.1 | S102: Aktif | Y102: =R102/M102*W102 -> 0 | Z102: =(G102*H102*I102/4000)*(W102/M102) -> 0 | AA102: =(G102*H102*I102/6000)*(W102/M102) -> 0 | AB102: =(G102*H102*I102/1000000)*(W102/M102) -> 0 | AC102: =ROUNDUP(W102/M102,0) -> 0 | AD102: NHD
A103: 101 | B103: 7042 PDM-13-BLUE | C103: Gelang Pasien/Thermal Wristband 7042 PDM-13 blue | D103: 38 | E103: 18.5 | F103: 5 | G103: 60 | H103: 36.5 | I103: 36.5 | J103: =(G103*H103*I103)/1000000 -> 0.079935 | K103: 500 | L103: 18 | M103: =K103*L103 -> 9000 | N103: 5 | O103: 4 | P103: =N103*O103 -> 20 | Q103: =M103*P103 -> 180000 | R103: 19.1 | S103: Aktif | Y103: =R103/M103*W103 -> 0 | Z103: =(G103*H103*I103/4000)*(W103/M103) -> 0 | AA103: =(G103*H103*I103/6000)*(W103/M103) -> 0 | AB103: =(G103*H103*I103/1000000)*(W103/M103) -> 0 | AC103: =ROUNDUP(W103/M103,0) -> 0 | AD103: NHD
A104: 102 | B104: 7081 PDL-12-PINK | C104: Thermal Wristband 7081-12-PDL PINK | D104: 30 | E104: 15 | F104: 4 | G104: 47 | H104: 31 | I104: 42 | J104: =(G104*H104*I104)/1000000 -> 0.061194 | K104: 500 | L104: 18 | M104: =K104*L104 -> 9000 | N104: 5 | O104: 4 | P104: =N104*O104 -> 20 | Q104: =M104*P104 -> 180000 | R104: 19.8 | S104: Aktif | Y104: =R104/M104*W104 -> 0 | Z104: =(G104*H104*I104/4000)*(W104/M104) -> 0 | AA104: =(G104*H104*I104/6000)*(W104/M104) -> 0 | AB104: =(G104*H104*I104/1000000)*(W104/M104) -> 0 | AC104: =ROUNDUP(W104/M104,0) -> 0 | AD104: NHD
A105: 103 | B105: 7081 PDL-13-BLUE | C105: Thermal Wristband 7081-13-PDL BLUE | D105: 30 | E105: 15 | F105: 4 | G105: 47 | H105: 31 | I105: 42 | J105: =(G105*H105*I105)/1000000 -> 0.061194 | K105: 500 | L105: 18 | M105: =K105*L105 -> 9000 | N105: 5 | O105: 4 | P105: =N105*O105 -> 20 | Q105: =M105*P105 -> 180000 | R105: 19.8 | S105: Aktif | Y105: =R105/M105*W105 -> 0 | Z105: =(G105*H105*I105/4000)*(W105/M105) -> 0 | AA105: =(G105*H105*I105/6000)*(W105/M105) -> 0 | AB105: =(G105*H105*I105/1000000)*(W105/M105) -> 0 | AC105: =ROUNDUP(W105/M105,0) -> 0 | AD105: NHD
A106: 104 | B106: 7081 PDM-11-WHITE | C106: Gelang Pasien/Thermal Wristband 7081 PDM-11 white | D106: 30 | E106: 15 | F106: 4 | G106: 47 | H106: 31 | I106: 42 | J106: =(G106*H106*I106)/1000000 -> 0.061194 | K106: 500 | L106: 18 | M106: =K106*L106 -> 9000 | N106: 5 | O106: 4 | P106: =N106*O106 -> 20 | Q106: =M106*P106 -> 180000 | R106: 19.8 | S106: Aktif | Y106: =R106/M106*W106 -> 0 | Z106: =(G106*H106*I106/4000)*(W106/M106) -> 0 | AA106: =(G106*H106*I106/6000)*(W106/M106) -> 0 | AB106: =(G106*H106*I106/1000000)*(W106/M106) -> 0 | AC106: =ROUNDUP(W106/M106,0) -> 0 | AD106: NHD
...

Sheet Sheet1
A1: 7 | B1: DS03L2332R-N | C1: DISP.SYRINGE 3ML LUER LOCK with NEEDLE 23GX1 1/4" | D1: 22 | E1: 21 | F1: 9 | G1: 58.5 | H1: 45.5 | I1: 45.5 | J1: =(G1*H1*I1)/1000000 -> 0.12110962 | K1: 100 | L1: 24 | M1: =K1*L1 -> 2400 | N1: 4 | O1: 4 | P1: =N1*O1 -> 16 | Q1: =M1*P1 -> 38400 | R1: 16.282 | S1: Aktif | W1: 9200 | X1: pcs | Y1: =R1/M1*W1 -> 62.414333 | Z1: =(G1*H1*I1/4000)*(W1/M1) -> 116.06339 | AA1: =(G1*H1*I1/6000)*(W1/M1) -> 77.375594 | AB1: =(G1*H1*I1/1000000)*(W1/M1) -> 0.46425356 | AC1: =ROUNDUP(W1/M1,0) -> 4 | AD1: =VLOOKUP(B1,[3]Items!$A$2:$C$6597,3,0) -> NHD
